"match_num","team","toss","toss_result","overs","avg_RR","avg_req_RR","num_6s","num_4s","num_wickets","dist_num_6s","dist_num_4s","dist_num_wickets","match_result"
1,"England","LOST","BAT","0-5",5.8000,0.0000,0,4,1,0.0000,0.8000,0.5000,"WON"
1,"England","LOST","BAT","5-10",6.2000,0.0000,0,4,0,0.0000,0.8000,0.0000,"WON"
1,"England","LOST","BAT","10-15",5.4000,0.0000,0,3,0,0.0000,0.6000,0.0000,"WON"
1,"England","LOST","BAT","15-20",5.0000,0.0000,0,3,2,0.0000,0.6000,1.0000,"WON"
1,"England","LOST","BAT","20-25",4.6000,0.0000,0,1,0,0.0000,0.2000,0.0000,"WON"
1,"England","LOST","BAT","25-30",7.0000,0.0000,2,2,0,1.0000,0.4000,0.0000,"WON"
1,"England","LOST","BAT","30-35",6.0000,0.0000,1,3,0,0.5000,0.6000,0.0000,"WON"
1,"England","LOST","BAT","35-40",7.0000,0.0000,0,3,1,0.0000,0.6000,0.5000,"WON"
1,"England","LOST","BAT","40-45",6.0000,0.0000,0,1,2,0.0000,0.2000,1.0000,"WON"
1,"England","LOST","BAT","45-50",9.2000,0.0000,0,5,2,0.0000,1.0000,1.0000,"WON"
1,"South Africa","WON","BOWL","0-5",4.4000,6.4200,0,4,0,0.0000,1.0000,0.0000,"LOST"
1,"South Africa","WON","BOWL","5-10",4.4000,6.5300,0,3,2,0.0000,0.7500,0.6667,"LOST"
1,"South Africa","WON","BOWL","10-15",6.0000,6.6900,1,1,0,0.5000,0.2500,0.0000,"LOST"
1,"South Africa","WON","BOWL","15-20",4.6000,6.9600,0,2,0,0.0000,0.5000,0.0000,"LOST"
1,"South Africa","WON","BOWL","20-25",8.0000,6.8000,2,3,1,1.0000,0.7500,0.3333,"LOST"
1,"South Africa","WON","BOWL","25-30",5.8000,7.2900,0,4,2,0.0000,1.0000,0.6667,"LOST"
1,"South Africa","WON","BOWL","30-35",3.2000,8.1700,0,2,2,0.0000,0.5000,0.6667,"LOST"
1,"South Africa","WON","BOWL","35-40",5.0000,9.9100,1,2,3,0.5000,0.5000,1.0000,"LOST"
1,"South Africa","WON","BOWL","40-45",NULL,NULL,NULL,NULL,NULL,NULL,NULL,NULL,"LOST"
1,"South Africa","WON","BOWL","45-50",NULL,NULL,NULL,NULL,NULL,NULL,NULL,NULL,"LOST"
2,"Pakistan","LOST","BAT","0-5",6.6000,0.0000,1,3,1,0.5000,0.7500,0.2000,"LOST"
2,"Pakistan","LOST","BAT","5-10",2.4000,0.0000,0,1,2,0.0000,0.2500,0.4000,"LOST"
2,"Pakistan","LOST","BAT","10-15",5.4000,0.0000,0,4,1,0.0000,1.0000,0.2000,"LOST"
2,"Pakistan","LOST","BAT","15-20",2.8000,0.0000,0,0,5,0.0000,0.0000,1.0000,"LOST"
2,"Pakistan","LOST","BAT","20-25",9.5000,0.0000,2,1,1,1.0000,0.2500,0.2000,"LOST"
2,"Pakistan","LOST","BAT","25-30",NULL,NULL,NULL,NULL,NULL,NULL,NULL,NULL,"LOST"
2,"Pakistan","LOST","BAT","30-35",NULL,NULL,NULL,NULL,NULL,NULL,NULL,NULL,"LOST"
2,"Pakistan","LOST","BAT","35-40",NULL,NULL,NULL,NULL,NULL,NULL,NULL,NULL,"LOST"
2,"Pakistan","LOST","BAT","40-45",NULL,NULL,NULL,NULL,NULL,NULL,NULL,NULL,"LOST"
2,"Pakistan","LOST","BAT","45-50",NULL,NULL,NULL,NULL,NULL,NULL,NULL,NULL,"LOST"
2,"West Indies","WON","BOWL","0-5",7.6000,1.9100,2,3,1,1.0000,0.6000,1.0000,"WON"
2,"West Indies","WON","BOWL","5-10",6.6000,1.3400,1,5,1,0.5000,1.0000,1.0000,"WON"
2,"West Indies","WON","BOWL","10-15",9.2500,0.3300,2,3,1,1.0000,0.6000,1.0000,"WON"
2,"West Indies","WON","BOWL","15-20",NULL,NULL,NULL,NULL,NULL,NULL,NULL,NULL,"WON"
2,"West Indies","WON","BOWL","20-25",NULL,NULL,NULL,NULL,NULL,NULL,NULL,NULL,"WON"
2,"West Indies","WON","BOWL","25-30",NULL,NULL,NULL,NULL,NULL,NULL,NULL,NULL,"WON"
2,"West Indies","WON","BOWL","30-35",NULL,NULL,NULL,NULL,NULL,NULL,NULL,NULL,"WON"
2,"West Indies","WON","BOWL","35-40",NULL,NULL,NULL,NULL,NULL,NULL,NULL,NULL,"WON"
2,"West Indies","WON","BOWL","40-45",NULL,NULL,NULL,NULL,NULL,NULL,NULL,NULL,"WON"
2,"West Indies","WON","BOWL","45-50",NULL,NULL,NULL,NULL,NULL,NULL,NULL,NULL,"WON"
3,"New Zealand","WON","BOWL","0-5",5.2000,2.5700,0,3,0,0.0000,0.4286,NULL,"WON"
3,"New Zealand","WON","BOWL","5-10",10.2000,1.8500,1,7,0,0.5000,1.0000,NULL,"WON"
3,"New Zealand","WON","BOWL","10-15",8.6000,0.9700,2,2,0,1.0000,0.2857,NULL,"WON"
3,"New Zealand","WON","BOWL","15-20",8.5000,0.0100,0,2,0,0.0000,0.2857,NULL,"WON"
3,"New Zealand","WON","BOWL","20-25",NULL,NULL,NULL,NULL,NULL,NULL,NULL,NULL,"WON"
3,"New Zealand","WON","BOWL","25-30",NULL,NULL,NULL,NULL,NULL,NULL,NULL,NULL,"WON"
3,"New Zealand","WON","BOWL","30-35",NULL,NULL,NULL,NULL,NULL,NULL,NULL,NULL,"WON"
3,"New Zealand","WON","BOWL","35-40",NULL,NULL,NULL,NULL,NULL,NULL,NULL,NULL,"WON"
3,"New Zealand","WON","BOWL","40-45",NULL,NULL,NULL,NULL,NULL,NULL,NULL,NULL,"WON"
3,"New Zealand","WON","BOWL","45-50",NULL,NULL,NULL,NULL,NULL,NULL,NULL,NULL,"WON"
3,"Sri Lanka","LOST","BAT","0-5",5.0000,0.0000,0,4,1,0.0000,1.0000,0.5000,"LOST"
3,"Sri Lanka","LOST","BAT","5-10",5.2000,0.0000,0,3,2,0.0000,0.7500,1.0000,"LOST"
3,"Sri Lanka","LOST","BAT","10-15",1.8000,0.0000,0,0,2,0.0000,0.0000,1.0000,"LOST"
3,"Sri Lanka","LOST","BAT","15-20",6.4000,0.0000,1,1,1,1.0000,0.2500,0.5000,"LOST"
3,"Sri Lanka","LOST","BAT","20-25",4.6000,0.0000,1,1,2,1.0000,0.2500,1.0000,"LOST"
3,"Sri Lanka","LOST","BAT","25-30",4.2000,0.0000,0,2,2,0.0000,0.5000,1.0000,"LOST"
3,"Sri Lanka","LOST","BAT","30-35",NULL,NULL,NULL,NULL,NULL,NULL,NULL,NULL,"LOST"
3,"Sri Lanka","LOST","BAT","35-40",NULL,NULL,NULL,NULL,NULL,NULL,NULL,NULL,"LOST"
3,"Sri Lanka","LOST","BAT","40-45",NULL,NULL,NULL,NULL,NULL,NULL,NULL,NULL,"LOST"
3,"Sri Lanka","LOST","BAT","45-50",NULL,NULL,NULL,NULL,NULL,NULL,NULL,NULL,"LOST"
4,"Afghanistan","WON","BAT","0-5",3.8000,0.0000,0,2,2,0.0000,0.5000,0.6667,"LOST"
4,"Afghanistan","WON","BAT","5-10",3.6000,0.0000,0,3,0,0.0000,0.7500,0.0000,"LOST"
4,"Afghanistan","WON","BAT","10-15",4.2000,0.0000,0,2,1,0.0000,0.5000,0.3333,"LOST"
4,"Afghanistan","WON","BAT","15-20",3.8000,0.0000,0,2,1,0.0000,0.5000,0.3333,"LOST"
4,"Afghanistan","WON","BAT","20-25",4.2000,0.0000,0,4,1,0.0000,1.0000,0.3333,"LOST"
4,"Afghanistan","WON","BAT","25-30",7.2000,0.0000,2,4,0,0.5000,1.0000,0.0000,"LOST"
4,"Afghanistan","WON","BAT","30-35",6.4000,0.0000,1,4,3,0.2500,1.0000,1.0000,"LOST"
4,"Afghanistan","WON","BAT","35-40",10.2500,0.0000,4,3,2,1.0000,0.7500,0.6667,"LOST"
4,"Afghanistan","WON","BAT","40-45",NULL,NULL,NULL,NULL,NULL,NULL,NULL,NULL,"LOST"
4,"Afghanistan","WON","BAT","45-50",NULL,NULL,NULL,NULL,NULL,NULL,NULL,NULL,"LOST"
4,"Australia","LOST","BOWL","0-5",7.0000,3.9100,1,5,0,0.5000,1.0000,0.0000,"WON"
4,"Australia","LOST","BOWL","5-10",4.0000,3.8100,1,2,0,0.5000,0.4000,0.0000,"WON"
4,"Australia","LOST","BOWL","10-15",6.4000,3.7300,2,1,0,1.0000,0.2000,0.0000,"WON"
4,"Australia","LOST","BOWL","15-20",6.0000,3.2800,0,2,1,0.0000,0.4000,1.0000,"WON"
4,"Australia","LOST","BOWL","20-25",7.8000,2.2300,0,4,1,0.0000,0.8000,1.0000,"WON"
4,"Australia","LOST","BOWL","25-30",4.8000,1.9000,0,1,0,0.0000,0.2000,0.0000,"WON"
4,"Australia","LOST","BOWL","30-35",5.8000,0.5200,0,2,1,0.0000,0.4000,1.0000,"WON"
4,"Australia","LOST","BOWL","35-40",NULL,NULL,NULL,NULL,NULL,NULL,NULL,NULL,"WON"
4,"Australia","LOST","BOWL","40-45",NULL,NULL,NULL,NULL,NULL,NULL,NULL,NULL,"WON"
4,"Australia","LOST","BOWL","45-50",NULL,NULL,NULL,NULL,NULL,NULL,NULL,NULL,"WON"
5,"Bangladesh","LOST","BAT","0-5",5.6000,0.0000,0,4,0,0.0000,0.5714,0.0000,"WON"
5,"Bangladesh","LOST","BAT","5-10",7.4000,0.0000,0,7,1,0.0000,1.0000,0.5000,"WON"
5,"Bangladesh","LOST","BAT","10-15",4.6000,0.0000,0,2,1,0.0000,0.2857,0.5000,"WON"
5,"Bangladesh","LOST","BAT","15-20",7.2000,0.0000,1,3,0,1.0000,0.4286,0.0000,"WON"
5,"Bangladesh","LOST","BAT","20-25",7.2000,0.0000,0,4,0,0.0000,0.5714,0.0000,"WON"
5,"Bangladesh","LOST","BAT","25-30",6.0000,0.0000,0,4,0,0.0000,0.5714,0.0000,"WON"
5,"Bangladesh","LOST","BAT","30-35",5.4000,0.0000,0,3,0,0.0000,0.4286,0.0000,"WON"
5,"Bangladesh","LOST","BAT","35-40",5.4000,0.0000,1,2,2,1.0000,0.2857,1.0000,"WON"
5,"Bangladesh","LOST","BAT","40-45",5.4000,0.0000,0,2,1,0.0000,0.2857,0.5000,"WON"
5,"Bangladesh","LOST","BAT","45-50",11.8000,0.0000,1,6,1,1.0000,0.8571,0.5000,"WON"
5,"South Africa","WON","BOWL","0-5",5.4000,6.7200,0,5,0,0.0000,1.0000,0.0000,"LOST"
5,"South Africa","WON","BOWL","5-10",4.8000,6.9000,0,3,1,0.0000,0.6000,0.5000,"LOST"
5,"South Africa","WON","BOWL","10-15",4.8000,7.2500,0,1,0,0.0000,0.2000,0.0000,"LOST"
5,"South Africa","WON","BOWL","15-20",6.0000,7.3300,0,3,1,0.0000,0.6000,0.5000,"LOST"
5,"South Africa","WON","BOWL","20-25",6.0000,7.8100,1,0,0,1.0000,0.0000,0.0000,"LOST"
5,"South Africa","WON","BOWL","25-30",6.8000,8.0400,0,2,1,0.0000,0.4000,0.5000,"LOST"
5,"South Africa","WON","BOWL","30-35",6.4000,8.2200,0,2,0,0.0000,0.4000,0.0000,"LOST"
5,"South Africa","WON","BOWL","35-40",5.4000,9.3600,1,1,2,1.0000,0.2000,1.0000,"LOST"
5,"South Africa","WON","BOWL","40-45",8.0000,11.2800,0,3,1,0.0000,0.6000,0.5000,"LOST"
5,"South Africa","WON","BOWL","45-50",8.2000,14.6600,1,3,2,1.0000,0.6000,1.0000,"LOST"
6,"England","WON","BOWL","0-5",5.6000,7.0400,1,4,1,0.5000,0.8000,0.3333,"LOST"
6,"England","WON","BOWL","5-10",6.8000,7.0400,0,5,1,0.0000,1.0000,0.3333,"LOST"
6,"England","WON","BOWL","10-15",4.8000,7.2700,0,3,1,0.0000,0.6000,0.3333,"LOST"
6,"England","WON","BOWL","15-20",5.6000,7.6600,0,2,0,0.0000,0.4000,0.0000,"LOST"
6,"England","WON","BOWL","20-25",6.8000,8.1700,2,2,1,1.0000,0.4000,0.3333,"LOST"
6,"England","WON","BOWL","25-30",7.8000,8.0400,0,5,0,0.0000,1.0000,0.0000,"LOST"
6,"England","WON","BOWL","30-35",6.8000,8.4700,1,2,0,0.5000,0.4000,0.0000,"LOST"
6,"England","WON","BOWL","35-40",7.4000,8.6900,0,3,1,0.0000,0.6000,0.3333,"LOST"
6,"England","WON","BOWL","40-45",6.6000,10.7100,0,1,1,0.0000,0.2000,0.3333,"LOST"
6,"England","WON","BOWL","45-50",8.6000,13.2500,1,4,3,0.5000,0.8000,1.0000,"LOST"
6,"Pakistan","LOST","BAT","0-5",6.2000,0.0000,1,4,0,0.5000,0.8000,0.0000,"WON"
6,"Pakistan","LOST","BAT","5-10",7.6000,0.0000,0,5,0,0.0000,1.0000,0.0000,"WON"
6,"Pakistan","LOST","BAT","10-15",3.2000,0.0000,0,0,1,0.0000,0.0000,0.2500,"WON"
6,"Pakistan","LOST","BAT","15-20",5.2000,0.0000,0,2,0,0.0000,0.4000,0.0000,"WON"
6,"Pakistan","LOST","BAT","20-25",6.0000,0.0000,0,2,1,0.0000,0.4000,0.2500,"WON"
6,"Pakistan","LOST","BAT","25-30",7.0000,0.0000,1,2,0,0.5000,0.4000,0.0000,"WON"
6,"Pakistan","LOST","BAT","30-35",8.4000,0.0000,1,4,1,0.5000,0.8000,0.2500,"WON"
6,"Pakistan","LOST","BAT","35-40",6.8000,0.0000,0,3,0,0.0000,0.6000,0.0000,"WON"
6,"Pakistan","LOST","BAT","40-45",9.0000,0.0000,2,3,1,1.0000,0.6000,0.2500,"WON"
6,"Pakistan","LOST","BAT","45-50",10.2000,0.0000,1,4,4,0.5000,0.8000,1.0000,"WON"
7,"Afghanistan","WON","BOWL","0-5",6.8000,4.3600,1,4,1,1.0000,1.0000,0.3333,"LOST"
7,"Afghanistan","WON","BOWL","5-10",2.4000,4.3900,0,0,2,0.0000,0.0000,0.6667,"LOST"
7,"Afghanistan","WON","BOWL","10-15",3.8000,4.6700,0,2,2,0.0000,0.5000,0.6667,"LOST"
7,"Afghanistan","WON","BOWL","15-20",6.2000,4.6000,0,4,0,0.0000,1.0000,0.0000,"LOST"
7,"Afghanistan","WON","BOWL","20-25",5.2000,4.3600,0,1,1,0.0000,0.2500,0.3333,"LOST"
7,"Afghanistan","WON","BOWL","25-30",2.6000,4.4600,0,1,1,0.0000,0.2500,0.3333,"LOST"
7,"Afghanistan","WON","BOWL","30-35",5.6667,4.7700,1,2,3,1.0000,0.5000,1.0000,"LOST"
7,"Afghanistan","WON","BOWL","35-40",NULL,NULL,NULL,NULL,NULL,NULL,NULL,NULL,"LOST"
7,"Afghanistan","WON","BOWL","40-45",NULL,NULL,NULL,NULL,NULL,NULL,NULL,NULL,"LOST"
7,"Afghanistan","WON","BOWL","45-50",NULL,NULL,NULL,NULL,NULL,NULL,NULL,NULL,"LOST"
7,"Sri Lanka","LOST","BAT","0-5",10.4000,0.0000,0,6,0,0.0000,1.0000,0.0000,"WON"
7,"Sri Lanka","LOST","BAT","5-10",5.4000,0.0000,0,3,0,0.0000,0.5000,0.0000,"WON"
7,"Sri Lanka","LOST","BAT","10-15",5.0000,0.0000,0,1,1,0.0000,0.1667,0.2500,"WON"
7,"Sri Lanka","LOST","BAT","15-20",7.0000,0.0000,0,2,0,0.0000,0.3333,0.0000,"WON"
7,"Sri Lanka","LOST","BAT","20-25",3.2000,0.0000,0,0,4,0.0000,0.0000,1.0000,"WON"
7,"Sri Lanka","LOST","BAT","25-30",4.4000,0.0000,1,0,1,1.0000,0.0000,0.2500,"WON"
7,"Sri Lanka","LOST","BAT","30-35",2.6000,0.0000,0,1,2,0.0000,0.1667,0.5000,"WON"
7,"Sri Lanka","LOST","BAT","35-40",5.5000,0.0000,0,2,2,0.0000,0.3333,0.5000,"WON"
7,"Sri Lanka","LOST","BAT","40-45",NULL,NULL,NULL,NULL,NULL,NULL,NULL,NULL,"WON"
7,"Sri Lanka","LOST","BAT","45-50",NULL,NULL,NULL,NULL,NULL,NULL,NULL,NULL,"WON"
8,"India","LOST","BOWL","0-5",2.6000,4.6600,0,1,0,0.0000,0.2000,0.0000,"WON"
8,"India","LOST","BOWL","5-10",4.2000,4.8500,1,2,1,1.0000,0.4000,1.0000,"WON"
8,"India","LOST","BOWL","10-15",3.2000,4.9700,0,0,0,0.0000,0.0000,0.0000,"WON"
8,"India","LOST","BOWL","15-20",5.6000,5.0900,0,4,1,0.0000,0.8000,1.0000,"WON"
8,"India","LOST","BOWL","20-25",3.4000,5.2100,1,0,0,1.0000,0.0000,0.0000,"WON"
8,"India","LOST","BOWL","25-30",6.8000,5.0000,0,5,0,0.0000,1.0000,0.0000,"WON"
8,"India","LOST","BOWL","30-35",4.2000,5.0000,0,1,1,0.0000,0.2000,1.0000,"WON"
8,"India","LOST","BOWL","35-40",4.2000,5.3800,0,2,0,0.0000,0.4000,0.0000,"WON"
8,"India","LOST","BOWL","40-45",7.4000,5.0000,0,4,0,0.0000,0.8000,0.0000,"WON"
8,"India","LOST","BOWL","45-50",7.3333,1.6600,0,3,1,0.0000,0.6000,1.0000,"WON"
8,"South Africa","WON","BAT","0-5",4.4000,0.0000,0,3,1,0.0000,1.0000,0.5000,"LOST"
8,"South Africa","WON","BAT","5-10",2.4000,0.0000,0,1,1,0.0000,0.3333,0.5000,"LOST"
8,"South Africa","WON","BAT","10-15",4.4000,0.0000,0,2,0,0.0000,0.6667,0.0000,"LOST"
8,"South Africa","WON","BAT","15-20",4.8000,0.0000,0,1,2,0.0000,0.3333,1.0000,"LOST"
8,"South Africa","WON","BAT","20-25",4.6000,0.0000,0,1,1,0.0000,0.3333,0.5000,"LOST"
8,"South Africa","WON","BAT","25-30",4.0000,0.0000,0,1,0,0.0000,0.3333,0.0000,"LOST"
8,"South Africa","WON","BAT","30-35",2.2000,0.0000,0,1,0,0.0000,0.3333,0.0000,"LOST"
8,"South Africa","WON","BAT","35-40",5.4000,0.0000,1,0,2,0.5000,0.0000,1.0000,"LOST"
8,"South Africa","WON","BAT","40-45",6.2000,0.0000,2,1,0,1.0000,0.3333,0.0000,"LOST"
8,"South Africa","WON","BAT","45-50",7.0000,0.0000,0,2,2,0.0000,0.6667,1.0000,"LOST"
9,"Bangladesh","LOST","BAT","0-5",4.4000,0.0000,0,3,0,0.0000,0.6000,0.0000,"LOST"
9,"Bangladesh","LOST","BAT","5-10",5.4000,0.0000,0,3,1,0.0000,0.6000,0.2500,"LOST"
9,"Bangladesh","LOST","BAT","10-15",3.0000,0.0000,0,0,1,0.0000,0.0000,0.2500,"LOST"
9,"Bangladesh","LOST","BAT","15-20",3.6000,0.0000,0,2,0,0.0000,0.4000,0.0000,"LOST"
9,"Bangladesh","LOST","BAT","20-25",7.2000,0.0000,0,5,1,0.0000,1.0000,0.2500,"LOST"
9,"Bangladesh","LOST","BAT","25-30",6.6000,0.0000,0,3,0,0.0000,0.6000,0.0000,"LOST"
9,"Bangladesh","LOST","BAT","30-35",3.0000,0.0000,0,0,1,0.0000,0.0000,0.2500,"LOST"
9,"Bangladesh","LOST","BAT","35-40",4.4000,0.0000,0,2,1,0.0000,0.4000,0.2500,"LOST"
9,"Bangladesh","LOST","BAT","40-45",5.4000,0.0000,1,1,1,1.0000,0.2000,0.2500,"LOST"
9,"Bangladesh","LOST","BAT","45-50",5.8000,0.0000,0,2,4,0.0000,0.4000,1.0000,"LOST"
9,"New Zealand","WON","BOWL","0-5",7.0000,4.6800,1,5,0,1.0000,1.0000,0.0000,"WON"
9,"New Zealand","WON","BOWL","5-10",4.0000,4.6100,1,1,2,1.0000,0.2000,1.0000,"WON"
9,"New Zealand","WON","BOWL","10-15",5.4000,4.7200,0,3,0,0.0000,0.6000,0.0000,"WON"
9,"New Zealand","WON","BOWL","15-20",5.6000,4.5100,0,3,0,0.0000,0.6000,0.0000,"WON"
9,"New Zealand","WON","BOWL","20-25",5.6000,4.5300,0,2,0,0.0000,0.4000,0.0000,"WON"
9,"New Zealand","WON","BOWL","25-30",4.0000,4.3500,0,1,0,0.0000,0.2000,0.0000,"WON"
9,"New Zealand","WON","BOWL","30-35",2.2000,4.7600,0,0,2,0.0000,0.0000,1.0000,"WON"
9,"New Zealand","WON","BOWL","35-40",6.2000,4.5000,1,3,1,1.0000,0.6000,0.5000,"WON"
9,"New Zealand","WON","BOWL","40-45",5.4000,4.1200,0,3,2,0.0000,0.6000,1.0000,"WON"
9,"New Zealand","WON","BOWL","45-50",7.0000,0.3300,0,3,1,0.0000,0.6000,0.5000,"WON"
10,"Australia","LOST","BAT","0-5",6.4000,0.0000,0,2,2,0.0000,0.3333,0.6667,"WON"
10,"Australia","LOST","BAT","5-10",3.2000,0.0000,0,2,2,0.0000,0.3333,0.6667,"WON"
10,"Australia","LOST","BAT","10-15",5.4000,0.0000,0,4,0,0.0000,0.6667,0.0000,"WON"
10,"Australia","LOST","BAT","15-20",1.6000,0.0000,0,1,1,0.0000,0.1667,0.3333,"WON"
10,"Australia","LOST","BAT","20-25",7.2000,0.0000,0,6,0,0.0000,1.0000,0.0000,"WON"
10,"Australia","LOST","BAT","25-30",5.4000,0.0000,0,2,0,0.0000,0.3333,0.0000,"WON"
10,"Australia","LOST","BAT","30-35",5.8000,0.0000,0,3,1,0.0000,0.5000,0.3333,"WON"
10,"Australia","LOST","BAT","35-40",6.2000,0.0000,1,2,0,0.5000,0.3333,0.0000,"WON"
10,"Australia","LOST","BAT","40-45",9.2000,0.0000,1,4,1,0.5000,0.6667,0.3333,"WON"
10,"Australia","LOST","BAT","45-50",9.0000,0.0000,2,3,3,1.0000,0.5000,1.0000,"WON"
10,"West Indies","WON","BOWL","0-5",6.2000,5.7500,0,4,2,0.0000,1.0000,0.6667,"LOST"
10,"West Indies","WON","BOWL","5-10",4.6000,5.8200,0,4,0,0.0000,1.0000,0.0000,"LOST"
10,"West Indies","WON","BOWL","10-15",4.8000,5.9200,0,1,0,0.0000,0.2500,0.0000,"LOST"
10,"West Indies","WON","BOWL","15-20",4.8000,6.1200,1,2,1,0.5000,0.5000,0.3333,"LOST"
10,"West Indies","WON","BOWL","20-25",6.2000,6.2600,0,4,0,0.0000,1.0000,0.0000,"LOST"
10,"West Indies","WON","BOWL","25-30",5.4000,6.2700,0,4,1,0.0000,1.0000,0.3333,"LOST"
10,"West Indies","WON","BOWL","30-35",6.0000,6.4400,0,4,1,0.0000,1.0000,0.3333,"LOST"
10,"West Indies","WON","BOWL","35-40",6.2000,6.8000,2,3,1,1.0000,0.7500,0.3333,"LOST"
10,"West Indies","WON","BOWL","40-45",6.0000,7.6000,1,3,0,0.5000,0.7500,0.0000,"LOST"
10,"West Indies","WON","BOWL","45-50",4.4000,11.3300,0,4,3,0.0000,1.0000,1.0000,"LOST"
11,"Pakistan",NULL,"BOWL","0-5",NULL,NULL,NULL,NULL,NULL,NULL,NULL,NULL,"abandoned"
11,"Pakistan",NULL,"BOWL","5-10",NULL,NULL,NULL,NULL,NULL,NULL,NULL,NULL,"abandoned"
11,"Pakistan",NULL,"BOWL","10-15",NULL,NULL,NULL,NULL,NULL,NULL,NULL,NULL,"abandoned"
11,"Pakistan",NULL,"BOWL","15-20",NULL,NULL,NULL,NULL,NULL,NULL,NULL,NULL,"abandoned"
11,"Pakistan",NULL,"BOWL","20-25",NULL,NULL,NULL,NULL,NULL,NULL,NULL,NULL,"abandoned"
11,"Pakistan",NULL,"BOWL","25-30",NULL,NULL,NULL,NULL,NULL,NULL,NULL,NULL,"abandoned"
11,"Pakistan",NULL,"BOWL","30-35",NULL,NULL,NULL,NULL,NULL,NULL,NULL,NULL,"abandoned"
11,"Pakistan",NULL,"BOWL","35-40",NULL,NULL,NULL,NULL,NULL,NULL,NULL,NULL,"abandoned"
11,"Pakistan",NULL,"BOWL","40-45",NULL,NULL,NULL,NULL,NULL,NULL,NULL,NULL,"abandoned"
11,"Pakistan",NULL,"BOWL","45-50",NULL,NULL,NULL,NULL,NULL,NULL,NULL,NULL,"abandoned"
11,"Sri Lanka",NULL,"BOWL","0-5",NULL,NULL,NULL,NULL,NULL,NULL,NULL,NULL,"abandoned"
11,"Sri Lanka",NULL,"BOWL","5-10",NULL,NULL,NULL,NULL,NULL,NULL,NULL,NULL,"abandoned"
11,"Sri Lanka",NULL,"BOWL","10-15",NULL,NULL,NULL,NULL,NULL,NULL,NULL,NULL,"abandoned"
11,"Sri Lanka",NULL,"BOWL","15-20",NULL,NULL,NULL,NULL,NULL,NULL,NULL,NULL,"abandoned"
11,"Sri Lanka",NULL,"BOWL","20-25",NULL,NULL,NULL,NULL,NULL,NULL,NULL,NULL,"abandoned"
11,"Sri Lanka",NULL,"BOWL","25-30",NULL,NULL,NULL,NULL,NULL,NULL,NULL,NULL,"abandoned"
11,"Sri Lanka",NULL,"BOWL","30-35",NULL,NULL,NULL,NULL,NULL,NULL,NULL,NULL,"abandoned"
11,"Sri Lanka",NULL,"BOWL","35-40",NULL,NULL,NULL,NULL,NULL,NULL,NULL,NULL,"abandoned"
11,"Sri Lanka",NULL,"BOWL","40-45",NULL,NULL,NULL,NULL,NULL,NULL,NULL,NULL,"abandoned"
11,"Sri Lanka",NULL,"BOWL","45-50",NULL,NULL,NULL,NULL,NULL,NULL,NULL,NULL,"abandoned"
12,"England","LOST","BAT","0-5",3.0000,0.0000,0,1,0,0.0000,0.1250,0.0000,"WON"
12,"England","LOST","BAT","5-10",10.4000,0.0000,0,8,0,0.0000,1.0000,0.0000,"WON"
12,"England","LOST","BAT","10-15",6.8000,0.0000,1,4,0,0.2500,0.5000,0.0000,"WON"
12,"England","LOST","BAT","15-20",5.8000,0.0000,0,3,1,0.0000,0.3750,0.3333,"WON"
12,"England","LOST","BAT","20-25",4.8000,0.0000,0,1,0,0.0000,0.1250,0.0000,"WON"
12,"England","LOST","BAT","25-30",6.2000,0.0000,0,2,0,0.0000,0.2500,0.0000,"WON"
12,"England","LOST","BAT","30-35",10.2000,0.0000,4,2,2,1.0000,0.2500,0.6667,"WON"
12,"England","LOST","BAT","35-40",7.8000,0.0000,3,1,0,0.7500,0.1250,0.0000,"WON"
12,"England","LOST","BAT","40-45",9.8000,0.0000,2,2,0,0.5000,0.2500,0.0000,"WON"
12,"England","LOST","BAT","45-50",12.4000,0.0000,4,4,3,1.0000,0.5000,1.0000,"WON"
12,"Bangladesh","WON","BOWL","0-5",3.6000,8.0600,0,2,1,0.0000,0.5000,0.3333,"LOST"
12,"Bangladesh","WON","BOWL","5-10",6.0000,8.4200,1,0,0,1.0000,0.0000,0.0000,"LOST"
12,"Bangladesh","WON","BOWL","10-15",5.8000,8.6200,0,2,1,0.0000,0.5000,0.3333,"LOST"
12,"Bangladesh","WON","BOWL","15-20",5.6000,9.1800,0,2,0,0.0000,0.5000,0.0000,"LOST"
12,"Bangladesh","WON","BOWL","20-25",6.8000,9.6200,0,3,0,0.0000,0.7500,0.0000,"LOST"
12,"Bangladesh","WON","BOWL","25-30",6.2000,10.2200,0,3,2,0.0000,0.7500,0.6667,"LOST"
12,"Bangladesh","WON","BOWL","30-35",3.2000,12.0500,0,0,0,0.0000,0.0000,0.0000,"LOST"
12,"Bangladesh","WON","BOWL","35-40",7.6000,15.3300,1,4,1,1.0000,1.0000,0.3333,"LOST"
12,"Bangladesh","WON","BOWL","40-45",7.4000,19.0000,0,4,2,0.0000,1.0000,0.6667,"LOST"
12,"Bangladesh","WON","BOWL","45-50",4.7500,45.5000,0,2,3,0.0000,0.5000,1.0000,"LOST"
13,"Afghanistan","LOST","BAT","0-5",5.4000,0.0000,0,4,0,0.0000,0.6667,0.0000,"LOST"
13,"Afghanistan","LOST","BAT","5-10",6.8000,0.0000,1,5,0,1.0000,0.8333,0.0000,"LOST"
13,"Afghanistan","LOST","BAT","10-15",2.0000,0.0000,0,2,4,0.0000,0.3333,1.0000,"LOST"
13,"Afghanistan","LOST","BAT","15-20",2.6000,0.0000,0,1,0,0.0000,0.1667,0.0000,"LOST"
13,"Afghanistan","LOST","BAT","20-25",6.0000,0.0000,0,4,2,0.0000,0.6667,0.5000,"LOST"
13,"Afghanistan","LOST","BAT","25-30",2.6000,0.0000,0,2,0,0.0000,0.3333,0.0000,"LOST"
13,"Afghanistan","LOST","BAT","30-35",2.4000,0.0000,0,1,2,0.0000,0.1667,0.5000,"LOST"
13,"Afghanistan","LOST","BAT","35-40",6.4000,0.0000,0,6,1,0.0000,1.0000,0.2500,"LOST"
13,"Afghanistan","LOST","BAT","40-45",0.5000,0.0000,0,0,1,0.0000,0.0000,0.2500,"LOST"
13,"Afghanistan","LOST","BAT","45-50",NULL,NULL,NULL,NULL,NULL,NULL,NULL,NULL,"LOST"
13,"New Zealand","WON","BOWL","0-5",5.6000,3.2500,0,4,1,0.0000,0.8000,1.0000,"WON"
13,"New Zealand","WON","BOWL","5-10",4.8000,3.1100,0,4,1,0.0000,0.8000,1.0000,"WON"
13,"New Zealand","WON","BOWL","10-15",3.0000,3.0200,0,1,0,0.0000,0.2000,0.0000,"WON"
13,"New Zealand","WON","BOWL","15-20",4.4000,2.8700,0,3,0,0.0000,0.6000,0.0000,"WON"
13,"New Zealand","WON","BOWL","20-25",7.0000,2.4400,1,3,0,1.0000,0.6000,0.0000,"WON"
13,"New Zealand","WON","BOWL","25-30",7.6000,1.3600,0,5,1,0.0000,1.0000,1.0000,"WON"
13,"New Zealand","WON","BOWL","30-35",3.6667,0.0500,0,0,0,0.0000,0.0000,0.0000,"WON"
13,"New Zealand","WON","BOWL","35-40",NULL,NULL,NULL,NULL,NULL,NULL,NULL,NULL,"WON"
13,"New Zealand","WON","BOWL","40-45",NULL,NULL,NULL,NULL,NULL,NULL,NULL,NULL,"WON"
13,"New Zealand","WON","BOWL","45-50",NULL,NULL,NULL,NULL,NULL,NULL,NULL,NULL,"WON"
14,"Australia","LOST","BOWL","0-5",3.6000,7.2900,0,2,0,0.0000,0.2500,0.0000,"LOST"
14,"Australia","LOST","BOWL","5-10",6.0000,7.7600,1,3,0,1.0000,0.3750,0.0000,"LOST"
14,"Australia","LOST","BOWL","10-15",3.8000,7.9400,0,0,1,0.0000,0.0000,0.3333,"LOST"
14,"Australia","LOST","BOWL","15-20",6.4000,8.3100,0,2,0,0.0000,0.2500,0.0000,"LOST"
14,"Australia","LOST","BOWL","20-25",7.0000,8.6900,1,2,1,1.0000,0.2500,0.3333,"LOST"
14,"Australia","LOST","BOWL","25-30",4.2000,9.2700,0,0,0,0.0000,0.0000,0.0000,"LOST"
14,"Australia","LOST","BOWL","30-35",6.4000,10.6400,0,4,0,0.0000,0.5000,0.0000,"LOST"
14,"Australia","LOST","BOWL","35-40",10.2000,10.9100,1,8,3,1.0000,1.0000,1.0000,"LOST"
14,"Australia","LOST","BOWL","40-45",9.2000,12.1200,1,4,2,1.0000,0.5000,0.6667,"LOST"
14,"Australia","LOST","BOWL","45-50",6.4000,17.6600,0,3,3,0.0000,0.3750,1.0000,"LOST"
14,"India","WON","BAT","0-5",3.6000,0.0000,0,1,0,0.0000,0.2000,0.0000,"WON"
14,"India","WON","BAT","5-10",4.6000,0.0000,0,3,0,0.0000,0.6000,0.0000,"WON"
14,"India","WON","BAT","10-15",6.8000,0.0000,0,4,0,0.0000,0.8000,0.0000,"WON"
14,"India","WON","BAT","15-20",7.2000,0.0000,1,3,0,0.2500,0.6000,0.0000,"WON"
14,"India","WON","BAT","20-25",5.0000,0.0000,0,1,1,0.0000,0.2000,0.3333,"WON"
14,"India","WON","BAT","25-30",6.8000,0.0000,0,5,0,0.0000,1.0000,0.0000,"WON"
14,"India","WON","BAT","30-35",7.2000,0.0000,0,3,0,0.0000,0.6000,0.0000,"WON"
14,"India","WON","BAT","35-40",6.0000,0.0000,0,3,1,0.0000,0.6000,0.3333,"WON"
14,"India","WON","BAT","40-45",11.4000,0.0000,4,3,0,1.0000,0.6000,0.0000,"WON"
14,"India","WON","BAT","45-50",11.8000,0.0000,3,5,3,0.7500,1.0000,1.0000,"WON"
15,"South Africa","LOST","BAT","0-5",5.0000,0.0000,0,3,1,NULL,1.0000,1.0000,"no result"
15,"South Africa","LOST","BAT","5-10",1.3333,0.0000,0,0,1,NULL,0.0000,1.0000,"no result"
15,"South Africa","LOST","BAT","10-15",NULL,NULL,NULL,NULL,NULL,NULL,NULL,NULL,"no result"
15,"South Africa","LOST","BAT","15-20",NULL,NULL,NULL,NULL,NULL,NULL,NULL,NULL,"no result"
15,"South Africa","LOST","BAT","20-25",NULL,NULL,NULL,NULL,NULL,NULL,NULL,NULL,"no result"
15,"South Africa","LOST","BAT","25-30",NULL,NULL,NULL,NULL,NULL,NULL,NULL,NULL,"no result"
15,"South Africa","LOST","BAT","30-35",NULL,NULL,NULL,NULL,NULL,NULL,NULL,NULL,"no result"
15,"South Africa","LOST","BAT","35-40",NULL,NULL,NULL,NULL,NULL,NULL,NULL,NULL,"no result"
15,"South Africa","LOST","BAT","40-45",NULL,NULL,NULL,NULL,NULL,NULL,NULL,NULL,"no result"
15,"South Africa","LOST","BAT","45-50",NULL,NULL,NULL,NULL,NULL,NULL,NULL,NULL,"no result"
15,"West Indies","WON","BOWL","0-5",NULL,NULL,NULL,NULL,NULL,NULL,NULL,NULL,"no result"
15,"West Indies","WON","BOWL","5-10",NULL,NULL,NULL,NULL,NULL,NULL,NULL,NULL,"no result"
15,"West Indies","WON","BOWL","10-15",NULL,NULL,NULL,NULL,NULL,NULL,NULL,NULL,"no result"
15,"West Indies","WON","BOWL","15-20",NULL,NULL,NULL,NULL,NULL,NULL,NULL,NULL,"no result"
15,"West Indies","WON","BOWL","20-25",NULL,NULL,NULL,NULL,NULL,NULL,NULL,NULL,"no result"
15,"West Indies","WON","BOWL","25-30",NULL,NULL,NULL,NULL,NULL,NULL,NULL,NULL,"no result"
15,"West Indies","WON","BOWL","30-35",NULL,NULL,NULL,NULL,NULL,NULL,NULL,NULL,"no result"
15,"West Indies","WON","BOWL","35-40",NULL,NULL,NULL,NULL,NULL,NULL,NULL,NULL,"no result"
15,"West Indies","WON","BOWL","40-45",NULL,NULL,NULL,NULL,NULL,NULL,NULL,NULL,"no result"
15,"West Indies","WON","BOWL","45-50",NULL,NULL,NULL,NULL,NULL,NULL,NULL,NULL,"no result"
16,"Bangladesh",NULL,"BOWL","0-5",NULL,NULL,NULL,NULL,NULL,NULL,NULL,NULL,"abandoned"
16,"Bangladesh",NULL,"BOWL","5-10",NULL,NULL,NULL,NULL,NULL,NULL,NULL,NULL,"abandoned"
16,"Bangladesh",NULL,"BOWL","10-15",NULL,NULL,NULL,NULL,NULL,NULL,NULL,NULL,"abandoned"
16,"Bangladesh",NULL,"BOWL","15-20",NULL,NULL,NULL,NULL,NULL,NULL,NULL,NULL,"abandoned"
16,"Bangladesh",NULL,"BOWL","20-25",NULL,NULL,NULL,NULL,NULL,NULL,NULL,NULL,"abandoned"
16,"Bangladesh",NULL,"BOWL","25-30",NULL,NULL,NULL,NULL,NULL,NULL,NULL,NULL,"abandoned"
16,"Bangladesh",NULL,"BOWL","30-35",NULL,NULL,NULL,NULL,NULL,NULL,NULL,NULL,"abandoned"
16,"Bangladesh",NULL,"BOWL","35-40",NULL,NULL,NULL,NULL,NULL,NULL,NULL,NULL,"abandoned"
16,"Bangladesh",NULL,"BOWL","40-45",NULL,NULL,NULL,NULL,NULL,NULL,NULL,NULL,"abandoned"
16,"Bangladesh",NULL,"BOWL","45-50",NULL,NULL,NULL,NULL,NULL,NULL,NULL,NULL,"abandoned"
16,"Sri Lanka",NULL,"BOWL","0-5",NULL,NULL,NULL,NULL,NULL,NULL,NULL,NULL,"abandoned"
16,"Sri Lanka",NULL,"BOWL","5-10",NULL,NULL,NULL,NULL,NULL,NULL,NULL,NULL,"abandoned"
16,"Sri Lanka",NULL,"BOWL","10-15",NULL,NULL,NULL,NULL,NULL,NULL,NULL,NULL,"abandoned"
16,"Sri Lanka",NULL,"BOWL","15-20",NULL,NULL,NULL,NULL,NULL,NULL,NULL,NULL,"abandoned"
16,"Sri Lanka",NULL,"BOWL","20-25",NULL,NULL,NULL,NULL,NULL,NULL,NULL,NULL,"abandoned"
16,"Sri Lanka",NULL,"BOWL","25-30",NULL,NULL,NULL,NULL,NULL,NULL,NULL,NULL,"abandoned"
16,"Sri Lanka",NULL,"BOWL","30-35",NULL,NULL,NULL,NULL,NULL,NULL,NULL,NULL,"abandoned"
16,"Sri Lanka",NULL,"BOWL","35-40",NULL,NULL,NULL,NULL,NULL,NULL,NULL,NULL,"abandoned"
16,"Sri Lanka",NULL,"BOWL","40-45",NULL,NULL,NULL,NULL,NULL,NULL,NULL,NULL,"abandoned"
16,"Sri Lanka",NULL,"BOWL","45-50",NULL,NULL,NULL,NULL,NULL,NULL,NULL,NULL,"abandoned"
17,"Australia","LOST","BAT","0-5",5.4000,0.0000,1,2,0,0.5000,0.4000,0.0000,"WON"
17,"Australia","LOST","BAT","5-10",5.8000,0.0000,0,3,0,0.0000,0.6000,0.0000,"WON"
17,"Australia","LOST","BAT","10-15",6.2000,0.0000,0,3,0,0.0000,0.6000,0.0000,"WON"
17,"Australia","LOST","BAT","15-20",7.0000,0.0000,1,3,0,0.5000,0.6000,0.0000,"WON"
17,"Australia","LOST","BAT","20-25",8.6000,0.0000,2,4,1,1.0000,0.8000,0.2500,"WON"
17,"Australia","LOST","BAT","25-30",5.2000,0.0000,1,1,1,0.5000,0.2000,0.2500,"WON"
17,"Australia","LOST","BAT","30-35",7.4000,0.0000,1,3,1,0.5000,0.6000,0.2500,"WON"
17,"Australia","LOST","BAT","35-40",5.6000,0.0000,0,2,1,0.0000,0.4000,0.2500,"WON"
17,"Australia","LOST","BAT","40-45",7.0000,0.0000,0,5,2,0.0000,1.0000,0.5000,"WON"
17,"Australia","LOST","BAT","45-50",4.0000,0.0000,0,1,4,0.0000,0.2000,1.0000,"WON"
17,"Pakistan","WON","BOWL","0-5",3.6000,6.4200,0,4,1,0.0000,0.6667,0.2500,"LOST"
17,"Pakistan","WON","BOWL","5-10",6.6000,6.3800,0,6,0,0.0000,1.0000,0.0000,"LOST"
17,"Pakistan","WON","BOWL","10-15",4.6000,6.6300,0,2,1,0.0000,0.3333,0.2500,"LOST"
17,"Pakistan","WON","BOWL","15-20",7.2000,6.6000,1,3,0,0.3333,0.5000,0.0000,"LOST"
17,"Pakistan","WON","BOWL","20-25",5.2000,6.7400,0,2,0,0.0000,0.3333,0.0000,"LOST"
17,"Pakistan","WON","BOWL","25-30",4.8000,7.2200,0,1,4,0.0000,0.1667,1.0000,"LOST"
17,"Pakistan","WON","BOWL","30-35",9.0000,6.8800,3,3,1,1.0000,0.5000,0.2500,"LOST"
17,"Pakistan","WON","BOWL","35-40",5.0000,7.2700,1,1,0,0.3333,0.1667,0.0000,"LOST"
17,"Pakistan","WON","BOWL","40-45",7.2000,7.2800,2,1,2,0.6667,0.1667,0.5000,"LOST"
17,"Pakistan","WON","BOWL","45-50",0.0000,9.6900,0,0,1,0.0000,0.0000,0.2500,"LOST"
18,"India",NULL,"BOWL","0-5",NULL,NULL,NULL,NULL,NULL,NULL,NULL,NULL,"abandoned"
18,"India",NULL,"BOWL","5-10",NULL,NULL,NULL,NULL,NULL,NULL,NULL,NULL,"abandoned"
18,"India",NULL,"BOWL","10-15",NULL,NULL,NULL,NULL,NULL,NULL,NULL,NULL,"abandoned"
18,"India",NULL,"BOWL","15-20",NULL,NULL,NULL,NULL,NULL,NULL,NULL,NULL,"abandoned"
18,"India",NULL,"BOWL","20-25",NULL,NULL,NULL,NULL,NULL,NULL,NULL,NULL,"abandoned"
18,"India",NULL,"BOWL","25-30",NULL,NULL,NULL,NULL,NULL,NULL,NULL,NULL,"abandoned"
18,"India",NULL,"BOWL","30-35",NULL,NULL,NULL,NULL,NULL,NULL,NULL,NULL,"abandoned"
18,"India",NULL,"BOWL","35-40",NULL,NULL,NULL,NULL,NULL,NULL,NULL,NULL,"abandoned"
18,"India",NULL,"BOWL","40-45",NULL,NULL,NULL,NULL,NULL,NULL,NULL,NULL,"abandoned"
18,"India",NULL,"BOWL","45-50",NULL,NULL,NULL,NULL,NULL,NULL,NULL,NULL,"abandoned"
18,"New Zealand",NULL,"BOWL","0-5",NULL,NULL,NULL,NULL,NULL,NULL,NULL,NULL,"abandoned"
18,"New Zealand",NULL,"BOWL","5-10",NULL,NULL,NULL,NULL,NULL,NULL,NULL,NULL,"abandoned"
18,"New Zealand",NULL,"BOWL","10-15",NULL,NULL,NULL,NULL,NULL,NULL,NULL,NULL,"abandoned"
18,"New Zealand",NULL,"BOWL","15-20",NULL,NULL,NULL,NULL,NULL,NULL,NULL,NULL,"abandoned"
18,"New Zealand",NULL,"BOWL","20-25",NULL,NULL,NULL,NULL,NULL,NULL,NULL,NULL,"abandoned"
18,"New Zealand",NULL,"BOWL","25-30",NULL,NULL,NULL,NULL,NULL,NULL,NULL,NULL,"abandoned"
18,"New Zealand",NULL,"BOWL","30-35",NULL,NULL,NULL,NULL,NULL,NULL,NULL,NULL,"abandoned"
18,"New Zealand",NULL,"BOWL","35-40",NULL,NULL,NULL,NULL,NULL,NULL,NULL,NULL,"abandoned"
18,"New Zealand",NULL,"BOWL","40-45",NULL,NULL,NULL,NULL,NULL,NULL,NULL,NULL,"abandoned"
18,"New Zealand",NULL,"BOWL","45-50",NULL,NULL,NULL,NULL,NULL,NULL,NULL,NULL,"abandoned"
19,"England","WON","BOWL","0-5",6.0000,4.1700,0,4,0,NULL,0.6667,0.0000,"WON"
19,"England","WON","BOWL","5-10",6.4000,3.8000,0,4,0,NULL,0.6667,0.0000,"WON"
19,"England","WON","BOWL","10-15",7.6000,3.5000,0,5,1,NULL,0.8333,1.0000,"WON"
19,"England","WON","BOWL","15-20",7.6000,3.0600,0,6,0,NULL,1.0000,0.0000,"WON"
19,"England","WON","BOWL","20-25",4.4000,2.3300,0,1,0,NULL,0.1667,0.0000,"WON"
19,"England","WON","BOWL","25-30",6.0000,1.5900,0,2,0,NULL,0.3333,0.0000,"WON"
19,"England","WON","BOWL","30-35",5.7500,0.6200,0,2,1,NULL,0.3333,1.0000,"WON"
19,"England","WON","BOWL","35-40",NULL,NULL,NULL,NULL,NULL,NULL,NULL,NULL,"WON"
19,"England","WON","BOWL","40-45",NULL,NULL,NULL,NULL,NULL,NULL,NULL,NULL,"WON"
19,"England","WON","BOWL","45-50",NULL,NULL,NULL,NULL,NULL,NULL,NULL,NULL,"WON"
19,"West Indies","LOST","BAT","0-5",1.6000,0.0000,0,1,1,0.0000,0.2500,0.3333,"LOST"
19,"West Indies","LOST","BAT","5-10",6.6000,0.0000,1,4,0,0.3333,1.0000,0.0000,"LOST"
19,"West Indies","LOST","BAT","10-15",3.8000,0.0000,0,1,2,0.0000,0.2500,0.6667,"LOST"
19,"West Indies","LOST","BAT","15-20",4.4000,0.0000,0,2,0,0.0000,0.5000,0.0000,"LOST"
19,"West Indies","LOST","BAT","20-25",7.2000,0.0000,1,2,0,0.3333,0.5000,0.0000,"LOST"
19,"West Indies","LOST","BAT","25-30",5.4000,0.0000,0,2,1,0.0000,0.5000,0.3333,"LOST"
19,"West Indies","LOST","BAT","30-35",6.0000,0.0000,3,0,1,1.0000,0.0000,0.3333,"LOST"
19,"West Indies","LOST","BAT","35-40",5.4000,0.0000,0,2,3,0.0000,0.5000,1.0000,"LOST"
19,"West Indies","LOST","BAT","40-45",2.0000,0.0000,1,0,2,0.3333,0.0000,0.6667,"LOST"
19,"West Indies","LOST","BAT","45-50",NULL,NULL,NULL,NULL,NULL,NULL,NULL,NULL,"LOST"
20,"Australia","LOST","BAT","0-5",4.0000,0.0000,0,4,0,0.0000,0.4444,0.0000,"WON"
20,"Australia","LOST","BAT","5-10",6.6000,0.0000,0,5,0,0.0000,0.5556,0.0000,"WON"
20,"Australia","LOST","BAT","10-15",4.6000,0.0000,0,0,0,0.0000,0.0000,0.0000,"WON"
20,"Australia","LOST","BAT","15-20",3.4000,0.0000,0,1,1,0.0000,0.1111,0.3333,"WON"
20,"Australia","LOST","BAT","20-25",3.4000,0.0000,1,0,1,0.5000,0.0000,0.3333,"WON"
20,"Australia","LOST","BAT","25-30",9.8000,0.0000,2,3,0,1.0000,0.3333,0.0000,"WON"
20,"Australia","LOST","BAT","30-35",7.2000,0.0000,1,3,0,0.5000,0.3333,0.0000,"WON"
20,"Australia","LOST","BAT","35-40",8.4000,0.0000,1,4,0,0.5000,0.4444,0.0000,"WON"
20,"Australia","LOST","BAT","40-45",13.0000,0.0000,2,9,2,1.0000,1.0000,0.6667,"WON"
20,"Australia","LOST","BAT","45-50",6.4000,0.0000,0,1,3,0.0000,0.1111,1.0000,"WON"
20,"Sri Lanka","WON","BOWL","0-5",6.2000,6.5900,0,4,0,0.0000,0.5714,0.0000,"LOST"
20,"Sri Lanka","WON","BOWL","5-10",11.2000,6.5200,1,7,0,0.5000,1.0000,0.0000,"LOST"
20,"Sri Lanka","WON","BOWL","10-15",5.0000,6.2900,0,1,0,0.0000,0.1429,0.0000,"LOST"
20,"Sri Lanka","WON","BOWL","15-20",4.6000,6.5800,0,2,1,0.0000,0.2857,0.2000,"LOST"
20,"Sri Lanka","WON","BOWL","20-25",4.2000,6.9600,0,1,1,0.0000,0.1429,0.2000,"LOST"
20,"Sri Lanka","WON","BOWL","25-30",4.0000,7.5900,0,0,0,0.0000,0.0000,0.0000,"LOST"
20,"Sri Lanka","WON","BOWL","30-35",5.6000,8.5200,2,2,1,1.0000,0.2857,0.2000,"LOST"
20,"Sri Lanka","WON","BOWL","35-40",6.4000,9.4100,1,2,5,0.5000,0.2857,1.0000,"LOST"
20,"Sri Lanka","WON","BOWL","40-45",2.0000,13.8500,0,1,1,0.0000,0.1429,0.2000,"LOST"
20,"Sri Lanka","WON","BOWL","45-50",1.0000,21.1200,0,0,1,0.0000,0.0000,0.2000,"LOST"
21,"Afghanistan","LOST","BAT","0-5",5.0000,0.0000,0,3,0,NULL,0.7500,0.0000,"LOST"
21,"Afghanistan","LOST","BAT","5-10",3.6000,0.0000,0,4,1,NULL,1.0000,0.2500,"LOST"
21,"Afghanistan","LOST","BAT","10-15",2.6000,0.0000,0,1,0,NULL,0.2500,0.0000,"LOST"
21,"Afghanistan","LOST","BAT","15-20",2.6000,0.0000,0,1,1,NULL,0.2500,0.2500,"LOST"
21,"Afghanistan","LOST","BAT","20-25",1.6000,0.0000,0,0,4,NULL,0.0000,1.0000,"LOST"
21,"Afghanistan","LOST","BAT","25-30",5.4000,0.0000,0,3,1,NULL,0.7500,0.2500,"LOST"
21,"Afghanistan","LOST","BAT","30-35",4.2000,0.0000,0,3,3,NULL,0.7500,0.7500,"LOST"
21,"Afghanistan","LOST","BAT","35-40",NULL,NULL,NULL,NULL,NULL,NULL,NULL,NULL,"LOST"
21,"Afghanistan","LOST","BAT","40-45",NULL,NULL,NULL,NULL,NULL,NULL,NULL,NULL,"LOST"
21,"Afghanistan","LOST","BAT","45-50",NULL,NULL,NULL,NULL,NULL,NULL,NULL,NULL,"LOST"
21,"South Africa","WON","BOWL","0-5",3.0000,2.6600,0,1,0,0.0000,0.2000,0.0000,"WON"
21,"South Africa","WON","BOWL","5-10",4.0000,2.5700,0,4,0,0.0000,0.8000,0.0000,"WON"
21,"South Africa","WON","BOWL","10-15",5.4000,2.1400,0,1,0,0.0000,0.2000,0.0000,"WON"
21,"South Africa","WON","BOWL","15-20",5.8000,1.6000,0,5,0,0.0000,1.0000,0.0000,"WON"
21,"South Africa","WON","BOWL","20-25",3.4000,0.9600,0,1,1,0.0000,0.2000,1.0000,"WON"
21,"South Africa","WON","BOWL","25-30",5.7500,0.2650,1,2,0,1.0000,0.4000,0.0000,"WON"
21,"South Africa","WON","BOWL","30-35",NULL,NULL,NULL,NULL,NULL,NULL,NULL,NULL,"WON"
21,"South Africa","WON","BOWL","35-40",NULL,NULL,NULL,NULL,NULL,NULL,NULL,NULL,"WON"
21,"South Africa","WON","BOWL","40-45",NULL,NULL,NULL,NULL,NULL,NULL,NULL,NULL,"WON"
21,"South Africa","WON","BOWL","45-50",NULL,NULL,NULL,NULL,NULL,NULL,NULL,NULL,"WON"
22,"India","LOST","BAT","0-5",4.0000,0.0000,0,3,0,0.0000,0.5000,0.0000,"WON"
22,"India","LOST","BAT","5-10",6.6000,0.0000,1,3,0,0.5000,0.5000,0.0000,"WON"
22,"India","LOST","BAT","10-15",6.8000,0.0000,1,3,0,0.5000,0.5000,0.0000,"WON"
22,"India","LOST","BAT","15-20",3.6000,0.0000,0,1,0,0.0000,0.1667,0.0000,"WON"
22,"India","LOST","BAT","20-25",8.2000,0.0000,2,2,1,1.0000,0.3333,0.5000,"WON"
22,"India","LOST","BAT","25-30",5.2000,0.0000,1,0,0,0.5000,0.0000,0.0000,"WON"
22,"India","LOST","BAT","30-35",6.8000,0.0000,0,3,0,0.0000,0.5000,0.0000,"WON"
22,"India","LOST","BAT","35-40",8.4000,0.0000,0,4,1,0.0000,0.6667,0.5000,"WON"
22,"India","LOST","BAT","40-45",10.0000,0.0000,1,6,1,0.5000,1.0000,0.5000,"WON"
22,"India","LOST","BAT","45-50",7.6000,0.0000,0,3,2,0.0000,0.5000,1.0000,"WON"
22,"Pakistan","WON","BOWL","0-5",2.8000,6.9100,0,2,1,0.0000,0.5000,0.3333,"LOST"
22,"Pakistan","WON","BOWL","5-10",4.8000,7.3300,0,4,0,0.0000,1.0000,0.0000,"LOST"
22,"Pakistan","WON","BOWL","10-15",5.2000,7.7200,0,2,0,0.0000,0.5000,0.0000,"LOST"
22,"Pakistan","WON","BOWL","15-20",4.6000,7.9000,0,2,0,0.0000,0.5000,0.0000,"LOST"
22,"Pakistan","WON","BOWL","20-25",7.8000,8.3500,3,1,1,1.0000,0.2500,0.3333,"LOST"
22,"Pakistan","WON","BOWL","25-30",2.8000,9.3100,0,1,3,0.0000,0.2500,1.0000,"LOST"
22,"Pakistan","WON","BOWL","30-35",5.2000,10.5800,0,2,1,0.0000,0.5000,0.3333,"LOST"
22,"Pakistan","WON","BOWL","35-40",9.2000,40.0000,0,4,0,0.0000,1.0000,0.0000,"LOST"
22,"Pakistan","WON","BOWL","40-45",NULL,NULL,NULL,NULL,NULL,NULL,NULL,NULL,"LOST"
22,"Pakistan","WON","BOWL","45-50",NULL,NULL,NULL,NULL,NULL,NULL,NULL,NULL,"LOST"
23,"Bangladesh","WON","BOWL","0-5",6.8000,6.4700,1,3,0,0.3333,0.6000,0.0000,"WON"
23,"Bangladesh","WON","BOWL","5-10",7.2000,6.4800,1,3,1,0.3333,0.6000,0.5000,"WON"
23,"Bangladesh","WON","BOWL","10-15",7.6000,6.1100,0,5,0,0.0000,1.0000,0.0000,"WON"
23,"Bangladesh","WON","BOWL","15-20",6.0000,6.1500,0,4,2,0.0000,0.8000,1.0000,"WON"
23,"Bangladesh","WON","BOWL","20-25",5.6000,6.2500,0,1,0,0.0000,0.2000,0.0000,"WON"
23,"Bangladesh","WON","BOWL","25-30",8.8000,5.9000,0,5,0,0.0000,1.0000,0.0000,"WON"
23,"Bangladesh","WON","BOWL","30-35",8.6000,4.9400,1,4,0,0.3333,0.8000,0.0000,"WON"
23,"Bangladesh","WON","BOWL","35-40",10.4000,2.3300,3,4,0,1.0000,0.8000,0.0000,"WON"
23,"Bangladesh","WON","BOWL","40-45",8.5000,0.3300,0,3,0,0.0000,0.6000,0.0000,"WON"
23,"Bangladesh","WON","BOWL","45-50",NULL,NULL,NULL,NULL,NULL,NULL,NULL,NULL,"WON"
23,"West Indies","LOST","BAT","0-5",1.6000,0.0000,0,1,1,0.0000,0.2500,0.5000,"LOST"
23,"West Indies","LOST","BAT","5-10",4.8000,0.0000,0,3,0,0.0000,0.7500,0.0000,"LOST"
23,"West Indies","LOST","BAT","10-15",6.4000,0.0000,1,1,0,0.3333,0.2500,0.0000,"LOST"
23,"West Indies","LOST","BAT","15-20",4.4000,0.0000,0,2,0,0.0000,0.5000,0.0000,"LOST"
23,"West Indies","LOST","BAT","20-25",7.2000,0.0000,1,2,1,0.3333,0.5000,0.5000,"LOST"
23,"West Indies","LOST","BAT","25-30",5.8000,0.0000,1,2,0,0.3333,0.5000,0.0000,"LOST"
23,"West Indies","LOST","BAT","30-35",8.4000,0.0000,1,3,1,0.3333,0.7500,0.5000,"LOST"
23,"West Indies","LOST","BAT","35-40",10.0000,0.0000,3,2,2,1.0000,0.5000,1.0000,"LOST"
23,"West Indies","LOST","BAT","40-45",9.0000,0.0000,2,4,1,0.6667,1.0000,0.5000,"LOST"
23,"West Indies","LOST","BAT","45-50",6.6000,0.0000,2,0,2,0.6667,0.0000,1.0000,"LOST"
24,"England","WON","BAT","0-5",4.0000,0.0000,0,2,0,0.0000,0.6667,0.0000,"WON"
24,"England","WON","BAT","5-10",5.2000,0.0000,0,3,1,0.0000,1.0000,0.2500,"WON"
24,"England","WON","BAT","10-15",5.2000,0.0000,1,2,0,0.1250,0.6667,0.0000,"WON"
24,"England","WON","BAT","15-20",6.8000,0.0000,0,3,0,0.0000,1.0000,0.0000,"WON"
24,"England","WON","BAT","20-25",6.6000,0.0000,1,2,0,0.1250,0.6667,0.0000,"WON"
24,"England","WON","BAT","25-30",5.0000,0.0000,1,1,1,0.1250,0.3333,0.2500,"WON"
24,"England","WON","BAT","30-35",7.0000,0.0000,2,1,0,0.2500,0.3333,0.0000,"WON"
24,"England","WON","BAT","35-40",11.2000,0.0000,4,3,0,0.5000,1.0000,0.0000,"WON"
24,"England","WON","BAT","40-45",13.6000,0.0000,8,1,0,1.0000,0.3333,0.0000,"WON"
24,"England","WON","BAT","45-50",14.8000,0.0000,8,3,4,1.0000,1.0000,1.0000,"WON"
24,"Afghanistan","LOST","BOWL","0-5",2.6000,8.3400,0,1,1,0.0000,0.2500,0.3333,"LOST"
24,"Afghanistan","LOST","BOWL","5-10",7.0000,8.6300,1,4,0,0.3333,1.0000,0.0000,"LOST"
24,"Afghanistan","LOST","BOWL","10-15",3.6000,9.2100,0,1,1,0.0000,0.2500,0.3333,"LOST"
24,"Afghanistan","LOST","BOWL","15-20",4.0000,10.0000,1,1,0,0.3333,0.2500,0.0000,"LOST"
24,"Afghanistan","LOST","BOWL","20-25",3.6000,11.0300,0,1,1,0.0000,0.2500,0.3333,"LOST"
24,"Afghanistan","LOST","BOWL","25-30",4.2000,13.0900,1,1,0,0.3333,0.2500,0.0000,"LOST"
24,"Afghanistan","LOST","BOWL","30-35",9.4000,14.4100,3,3,0,1.0000,0.7500,0.0000,"LOST"
24,"Afghanistan","LOST","BOWL","35-40",4.8000,17.5000,0,2,0,0.0000,0.5000,0.0000,"LOST"
24,"Afghanistan","LOST","BOWL","40-45",6.2000,26.5700,2,0,2,0.6667,0.0000,0.6667,"LOST"
24,"Afghanistan","LOST","BOWL","45-50",4.0000,54.3300,0,2,3,0.0000,0.5000,1.0000,"LOST"
25,"New Zealand","WON","BOWL","0-5",3.8000,4.9500,0,2,1,0.0000,0.5000,0.5000,"WON"
25,"New Zealand","WON","BOWL","5-10",4.8000,5.0200,0,4,0,0.0000,1.0000,0.0000,"WON"
25,"New Zealand","WON","BOWL","10-15",5.8000,5.1300,0,4,1,0.0000,1.0000,0.5000,"WON"
25,"New Zealand","WON","BOWL","15-20",2.8000,5.2500,0,2,2,0.0000,0.5000,1.0000,"WON"
25,"New Zealand","WON","BOWL","20-25",3.4000,5.4200,0,1,0,0.0000,0.2500,0.0000,"WON"
25,"New Zealand","WON","BOWL","25-30",4.2000,6.0900,0,1,0,0.0000,0.2500,0.0000,"WON"
25,"New Zealand","WON","BOWL","30-35",6.0000,6.3300,0,4,1,0.0000,1.0000,0.5000,"WON"
25,"New Zealand","WON","BOWL","35-40",6.0000,6.3600,2,0,0,1.0000,0.0000,0.0000,"WON"
25,"New Zealand","WON","BOWL","40-45",6.4000,6.7100,0,3,0,0.0000,0.7500,0.0000,"WON"
25,"New Zealand","WON","BOWL","45-50",7.2500,6.7500,1,3,1,0.5000,0.7500,0.5000,"WON"
25,"South Africa","LOST","BAT","0-5",3.6000,0.0000,0,2,1,0.0000,0.5000,1.0000,"LOST"
25,"South Africa","LOST","BAT","5-10",4.4000,0.0000,0,4,0,0.0000,1.0000,0.0000,"LOST"
25,"South Africa","LOST","BAT","10-15",4.0000,0.0000,0,2,1,0.0000,0.5000,1.0000,"LOST"
25,"South Africa","LOST","BAT","15-20",2.6000,0.0000,0,1,0,0.0000,0.2500,0.0000,"LOST"
25,"South Africa","LOST","BAT","20-25",5.0000,0.0000,0,2,0,0.0000,0.5000,0.0000,"LOST"
25,"South Africa","LOST","BAT","25-30",5.0000,0.0000,0,1,1,0.0000,0.2500,1.0000,"LOST"
25,"South Africa","LOST","BAT","30-35",4.4000,0.0000,0,1,1,0.0000,0.2500,1.0000,"LOST"
25,"South Africa","LOST","BAT","35-40",4.8000,0.0000,0,0,0,0.0000,0.0000,0.0000,"LOST"
25,"South Africa","LOST","BAT","40-45",8.2000,0.0000,2,2,1,1.0000,0.5000,1.0000,"LOST"
25,"South Africa","LOST","BAT","45-50",7.7500,0.0000,2,3,1,1.0000,0.7500,1.0000,"LOST"
26,"Australia","WON","BAT","0-5",5.4000,0.0000,1,3,0,0.3333,0.3000,0.0000,"WON"
26,"Australia","WON","BAT","5-10",5.2000,0.0000,1,2,0,0.3333,0.2000,0.0000,"WON"
26,"Australia","WON","BAT","10-15",6.6000,0.0000,1,2,0,0.3333,0.2000,0.0000,"WON"
26,"Australia","WON","BAT","15-20",6.2000,0.0000,1,2,0,0.3333,0.2000,0.0000,"WON"
26,"Australia","WON","BAT","20-25",4.4000,0.0000,0,1,1,0.0000,0.1000,0.3333,"WON"
26,"Australia","WON","BAT","25-30",5.8000,0.0000,0,2,0,0.0000,0.2000,0.0000,"WON"
26,"Australia","WON","BAT","30-35",8.0000,0.0000,0,4,0,0.0000,0.4000,0.0000,"WON"
26,"Australia","WON","BAT","35-40",8.4000,0.0000,1,3,0,0.3333,0.3000,0.0000,"WON"
26,"Australia","WON","BAT","40-45",14.2000,0.0000,2,10,1,0.6667,1.0000,0.3333,"WON"
26,"Australia","WON","BAT","45-50",12.0000,0.0000,3,5,3,1.0000,0.5000,1.0000,"WON"
26,"Bangladesh","LOST","BOWL","0-5",5.0000,7.7700,0,3,1,0.0000,0.7500,0.2500,"LOST"
26,"Bangladesh","LOST","BOWL","5-10",5.6000,8.1100,0,4,0,0.0000,1.0000,0.0000,"LOST"
26,"Bangladesh","LOST","BOWL","10-15",6.2000,8.3900,0,2,0,0.0000,0.5000,0.0000,"LOST"
26,"Bangladesh","LOST","BOWL","15-20",5.6000,8.7500,0,2,1,0.0000,0.5000,0.2500,"LOST"
26,"Bangladesh","LOST","BOWL","20-25",6.8000,9.1400,1,2,1,0.3333,0.5000,0.2500,"LOST"
26,"Bangladesh","LOST","BOWL","25-30",6.2000,9.7800,0,4,1,0.0000,1.0000,0.2500,"LOST"
26,"Bangladesh","LOST","BOWL","30-35",6.2000,11.0500,0,4,0,0.0000,1.0000,0.0000,"LOST"
26,"Bangladesh","LOST","BOWL","35-40",7.4000,13.0000,0,4,0,0.0000,1.0000,0.0000,"LOST"
26,"Bangladesh","LOST","BOWL","40-45",11.0000,15.0000,3,2,0,1.0000,0.5000,0.0000,"LOST"
26,"Bangladesh","LOST","BOWL","45-50",6.6000,24.0000,0,3,4,0.0000,0.7500,1.0000,"LOST"
27,"England","LOST","BOWL","0-5",3.0000,4.8400,0,1,1,0.0000,0.2500,0.3333,"LOST"
27,"England","LOST","BOWL","5-10",4.6000,4.8700,0,4,1,0.0000,1.0000,0.3333,"LOST"
27,"England","LOST","BOWL","10-15",3.0000,5.0200,0,0,0,0.0000,0.0000,0.0000,"LOST"
27,"England","LOST","BOWL","15-20",4.6000,5.1400,0,2,1,0.0000,0.5000,0.3333,"LOST"
27,"England","LOST","BOWL","20-25",3.0000,5.4800,0,1,0,0.0000,0.2500,0.0000,"LOST"
27,"England","LOST","BOWL","25-30",7.0000,5.3500,2,1,0,1.0000,0.2500,0.0000,"LOST"
27,"England","LOST","BOWL","30-35",5.0000,5.3100,0,3,2,0.0000,0.7500,0.6667,"LOST"
27,"England","LOST","BOWL","35-40",5.0000,5.6900,1,1,1,0.5000,0.2500,0.3333,"LOST"
27,"England","LOST","BOWL","40-45",2.4000,6.8500,0,0,3,0.0000,0.0000,1.0000,"LOST"
27,"England","LOST","BOWL","45-50",12.0000,7.2500,2,2,1,1.0000,0.5000,0.3333,"LOST"
27,"Sri Lanka","WON","BAT","0-5",2.0000,0.0000,0,0,2,0.0000,0.0000,0.6667,"WON"
27,"Sri Lanka","WON","BAT","5-10",7.6000,0.0000,2,5,0,1.0000,1.0000,0.0000,"WON"
27,"Sri Lanka","WON","BAT","10-15",3.6000,0.0000,0,1,1,0.0000,0.2000,0.3333,"WON"
27,"Sri Lanka","WON","BAT","15-20",3.6000,0.0000,0,2,0,0.0000,0.4000,0.0000,"WON"
27,"Sri Lanka","WON","BAT","20-25",6.0000,0.0000,0,1,0,0.0000,0.2000,0.0000,"WON"
27,"Sri Lanka","WON","BAT","25-30",4.2000,0.0000,0,1,2,0.0000,0.2000,0.6667,"WON"
27,"Sri Lanka","WON","BAT","30-35",3.8000,0.0000,0,1,0,0.0000,0.2000,0.0000,"WON"
27,"Sri Lanka","WON","BAT","35-40",3.4000,0.0000,0,0,0,0.0000,0.0000,0.0000,"WON"
27,"Sri Lanka","WON","BAT","40-45",5.2000,0.0000,0,1,1,0.0000,0.2000,0.3333,"WON"
27,"Sri Lanka","WON","BAT","45-50",7.0000,0.0000,1,3,3,0.5000,0.6000,1.0000,"WON"
28,"Afghanistan","LOST","BOWL","0-5",3.2000,4.6300,0,1,0,0.0000,0.3333,0.0000,"LOST"
28,"Afghanistan","LOST","BOWL","5-10",4.2000,4.7300,0,0,1,0.0000,0.0000,0.2500,"LOST"
28,"Afghanistan","LOST","BOWL","10-15",4.0000,4.6900,0,3,0,0.0000,1.0000,0.0000,"LOST"
28,"Afghanistan","LOST","BOWL","15-20",2.8000,4.9300,0,0,1,0.0000,0.0000,0.2500,"LOST"
28,"Afghanistan","LOST","BOWL","20-25",4.0000,5.2200,0,3,0,0.0000,1.0000,0.0000,"LOST"
28,"Afghanistan","LOST","BOWL","25-30",3.2000,5.4000,0,1,2,0.0000,0.3333,0.5000,"LOST"
28,"Afghanistan","LOST","BOWL","30-35",4.6000,6.1100,0,2,1,0.0000,0.6667,0.2500,"LOST"
28,"Afghanistan","LOST","BOWL","35-40",5.4000,6.7200,0,1,0,0.0000,0.3333,0.0000,"LOST"
28,"Afghanistan","LOST","BOWL","40-45",5.6000,7.5700,0,2,1,0.0000,0.6667,0.2500,"LOST"
28,"Afghanistan","LOST","BOWL","45-50",5.6000,8.0000,1,2,4,1.0000,0.6667,1.0000,"LOST"
28,"India","WON","BAT","0-5",1.8000,0.0000,0,0,1,0.0000,0.0000,0.3333,"WON"
28,"India","WON","BAT","5-10",6.4000,0.0000,0,4,0,0.0000,1.0000,0.0000,"WON"
28,"India","WON","BAT","10-15",5.0000,0.0000,0,1,1,0.0000,0.2500,0.3333,"WON"
28,"India","WON","BAT","15-20",4.0000,0.0000,0,1,0,0.0000,0.2500,0.0000,"WON"
28,"India","WON","BAT","20-25",5.8000,0.0000,0,2,0,0.0000,0.5000,0.0000,"WON"
28,"India","WON","BAT","25-30",3.6000,0.0000,0,1,1,0.0000,0.2500,0.3333,"WON"
28,"India","WON","BAT","30-35",3.6000,0.0000,0,0,1,0.0000,0.0000,0.3333,"WON"
28,"India","WON","BAT","35-40",4.8000,0.0000,0,3,0,0.0000,0.7500,0.0000,"WON"
28,"India","WON","BAT","40-45",3.8000,0.0000,0,2,1,0.0000,0.5000,0.3333,"WON"
28,"India","WON","BAT","45-50",6.0000,0.0000,1,1,3,1.0000,0.2500,1.0000,"WON"
29,"New Zealand","LOST","BAT","0-5",4.4000,0.0000,0,2,2,0.0000,0.5000,0.5000,"WON"
29,"New Zealand","LOST","BAT","5-10",1.6000,0.0000,0,0,0,0.0000,0.0000,0.0000,"WON"
29,"New Zealand","LOST","BAT","10-15",5.2000,0.0000,0,3,0,0.0000,0.7500,0.0000,"WON"
29,"New Zealand","LOST","BAT","15-20",5.0000,0.0000,0,3,0,0.0000,0.7500,0.0000,"WON"
29,"New Zealand","LOST","BAT","20-25",6.2000,0.0000,0,3,0,0.0000,0.7500,0.0000,"WON"
29,"New Zealand","LOST","BAT","25-30",6.4000,0.0000,0,2,0,0.0000,0.5000,0.0000,"WON"
29,"New Zealand","LOST","BAT","30-35",5.0000,0.0000,0,1,1,0.0000,0.2500,0.2500,"WON"
29,"New Zealand","LOST","BAT","35-40",6.0000,0.0000,0,3,0,0.0000,0.7500,0.0000,"WON"
29,"New Zealand","LOST","BAT","40-45",8.0000,0.0000,1,4,1,0.3333,1.0000,0.2500,"WON"
29,"New Zealand","LOST","BAT","45-50",10.4000,0.0000,3,2,4,1.0000,0.5000,1.0000,"WON"
29,"West Indies","WON","BOWL","0-5",1.8000,6.1400,0,0,1,0.0000,0.0000,0.3333,"LOST"
29,"West Indies","WON","BOWL","5-10",10.0000,5.9000,3,6,1,0.7500,1.0000,0.3333,"LOST"
29,"West Indies","WON","BOWL","10-15",6.0000,5.7700,0,5,0,0.0000,0.8333,0.0000,"LOST"
29,"West Indies","WON","BOWL","15-20",8.2000,5.7000,3,3,0,0.7500,0.5000,0.0000,"LOST"
29,"West Indies","WON","BOWL","20-25",6.4000,5.3500,1,5,3,0.2500,0.8333,1.0000,"LOST"
29,"West Indies","WON","BOWL","25-30",1.2000,5.7700,0,0,2,0.0000,0.0000,0.6667,"LOST"
29,"West Indies","WON","BOWL","30-35",7.6000,6.0000,2,2,0,0.5000,0.3333,0.0000,"LOST"
29,"West Indies","WON","BOWL","35-40",3.2000,6.7200,0,1,1,0.0000,0.1667,0.3333,"LOST"
29,"West Indies","WON","BOWL","40-45",4.6000,7.2200,0,3,1,0.0000,0.5000,0.3333,"LOST"
29,"West Indies","WON","BOWL","45-50",10.2500,8.0000,4,2,1,1.0000,0.3333,0.3333,"LOST"
30,"Pakistan","WON","BAT","0-5",7.0000,0.0000,0,7,0,0.0000,1.0000,0.0000,"WON"
30,"Pakistan","WON","BAT","5-10",4.6000,0.0000,1,2,0,1.0000,0.2857,0.0000,"WON"
30,"Pakistan","WON","BAT","10-15",4.6000,0.0000,0,2,1,0.0000,0.2857,0.3333,"WON"
30,"Pakistan","WON","BAT","15-20",3.2000,0.0000,0,2,0,0.0000,0.2857,0.0000,"WON"
30,"Pakistan","WON","BAT","20-25",7.2000,0.0000,1,3,1,1.0000,0.4286,0.3333,"WON"
30,"Pakistan","WON","BAT","25-30",2.0000,0.0000,0,0,1,0.0000,0.0000,0.3333,"WON"
30,"Pakistan","WON","BAT","30-35",8.2000,0.0000,1,3,0,1.0000,0.4286,0.0000,"WON"
30,"Pakistan","WON","BAT","35-40",6.6000,0.0000,0,4,0,0.0000,0.5714,0.0000,"WON"
30,"Pakistan","WON","BAT","40-45",9.8000,0.0000,1,5,1,1.0000,0.7143,0.3333,"WON"
30,"Pakistan","WON","BAT","45-50",8.4000,0.0000,1,3,3,1.0000,0.4286,1.0000,"WON"
30,"South Africa","LOST","BOWL","0-5",4.6000,6.2700,0,2,1,0.0000,0.5000,0.5000,"LOST"
30,"South Africa","LOST","BOWL","5-10",3.0000,6.6100,0,1,0,0.0000,0.2500,0.0000,"LOST"
30,"South Africa","LOST","BOWL","10-15",4.8000,6.9100,0,3,0,0.0000,0.7500,0.0000,"LOST"
30,"South Africa","LOST","BOWL","15-20",6.0000,7.1500,2,1,1,1.0000,0.2500,0.5000,"LOST"
30,"South Africa","LOST","BOWL","20-25",2.8000,7.6200,0,0,1,0.0000,0.0000,0.5000,"LOST"
30,"South Africa","LOST","BOWL","25-30",6.4000,8.3000,0,2,1,0.0000,0.5000,0.5000,"LOST"
30,"South Africa","LOST","BOWL","30-35",4.4000,9.3500,0,2,0,0.0000,0.5000,0.0000,"LOST"
30,"South Africa","LOST","BOWL","35-40",5.8000,10.8400,1,1,1,0.5000,0.2500,0.5000,"LOST"
30,"South Africa","LOST","BOWL","40-45",7.2000,14.0000,1,3,2,0.5000,0.7500,1.0000,"LOST"
30,"South Africa","LOST","BOWL","45-50",6.8000,23.3300,0,4,2,0.0000,1.0000,1.0000,"LOST"
31,"Afghanistan","WON","BOWL","0-5",4.2000,5.2800,0,1,0,0.0000,0.2500,0.0000,"LOST"
31,"Afghanistan","WON","BOWL","5-10",5.4000,5.3700,0,3,0,0.0000,0.7500,0.0000,"LOST"
31,"Afghanistan","WON","BOWL","10-15",2.0000,5.7200,0,1,1,0.0000,0.2500,0.5000,"LOST"
31,"Afghanistan","WON","BOWL","15-20",3.8000,6.0000,0,0,0,0.0000,0.0000,0.0000,"LOST"
31,"Afghanistan","WON","BOWL","20-25",4.2000,6.5000,0,2,1,0.0000,0.5000,0.5000,"LOST"
31,"Afghanistan","WON","BOWL","25-30",2.6000,7.2200,0,0,2,0.0000,0.0000,1.0000,"LOST"
31,"Afghanistan","WON","BOWL","30-35",4.2000,8.4700,0,1,1,0.0000,0.2500,0.5000,"LOST"
31,"Afghanistan","WON","BOWL","35-40",6.8000,9.0800,0,4,1,0.0000,1.0000,0.5000,"LOST"
31,"Afghanistan","WON","BOWL","40-45",5.6000,10.5700,1,0,2,1.0000,0.0000,1.0000,"LOST"
31,"Afghanistan","WON","BOWL","45-50",3.0000,19.0000,0,1,2,0.0000,0.2500,1.0000,"LOST"
31,"Bangladesh","LOST","BAT","0-5",5.0000,0.0000,0,3,1,0.0000,0.6000,0.5000,"WON"
31,"Bangladesh","LOST","BAT","5-10",3.8000,0.0000,0,1,0,0.0000,0.2000,0.0000,"WON"
31,"Bangladesh","LOST","BAT","10-15",6.0000,0.0000,0,2,0,0.0000,0.4000,0.0000,"WON"
31,"Bangladesh","LOST","BAT","15-20",4.2000,0.0000,0,1,1,0.0000,0.2000,0.5000,"WON"
31,"Bangladesh","LOST","BAT","20-25",7.4000,0.0000,0,2,0,0.0000,0.4000,0.0000,"WON"
31,"Bangladesh","LOST","BAT","25-30",2.2000,0.0000,0,0,1,0.0000,0.0000,0.5000,"WON"
31,"Bangladesh","LOST","BAT","30-35",3.6000,0.0000,0,0,1,0.0000,0.0000,0.5000,"WON"
31,"Bangladesh","LOST","BAT","35-40",6.4000,0.0000,1,2,0,1.0000,0.4000,0.0000,"WON"
31,"Bangladesh","LOST","BAT","40-45",5.4000,0.0000,0,1,1,0.0000,0.2000,0.5000,"WON"
31,"Bangladesh","LOST","BAT","45-50",8.4000,0.0000,0,5,2,0.0000,1.0000,1.0000,"WON"
32,"England","WON","BOWL","0-5",4.2000,5.7600,0,4,2,0.0000,1.0000,0.6667,"LOST"
32,"England","WON","BOWL","5-10",3.6000,6.0900,0,4,1,0.0000,1.0000,0.3333,"LOST"
32,"England","WON","BOWL","10-15",3.6000,6.3200,0,1,1,0.0000,0.2500,0.3333,"LOST"
32,"England","WON","BOWL","15-20",6.8000,6.5000,0,3,0,0.0000,0.7500,0.0000,"LOST"
32,"England","WON","BOWL","20-25",3.6000,6.8100,0,2,0,0.0000,0.5000,0.0000,"LOST"
32,"England","WON","BOWL","25-30",4.0000,7.3100,0,1,1,0.0000,0.2500,0.3333,"LOST"
32,"England","WON","BOWL","30-35",6.2000,8.1200,2,2,0,1.0000,0.5000,0.0000,"LOST"
32,"England","WON","BOWL","35-40",6.2000,8.5800,0,4,2,0.0000,1.0000,0.6667,"LOST"
32,"England","WON","BOWL","40-45",6.0000,10.8500,1,3,3,0.5000,0.7500,1.0000,"LOST"
32,"England","WON","BOWL","45-50",NULL,NULL,NULL,NULL,NULL,NULL,NULL,NULL,"LOST"
32,"Australia","LOST","BAT","0-5",4.6000,0.0000,0,4,0,0.0000,0.8000,0.0000,"WON"
32,"Australia","LOST","BAT","5-10",4.2000,0.0000,0,2,0,0.0000,0.4000,0.0000,"WON"
32,"Australia","LOST","BAT","10-15",6.2000,0.0000,0,5,0,0.0000,1.0000,0.0000,"WON"
32,"Australia","LOST","BAT","15-20",7.0000,0.0000,0,4,0,0.0000,0.8000,0.0000,"WON"
32,"Australia","LOST","BAT","20-25",5.6000,0.0000,2,0,1,1.0000,0.0000,0.5000,"WON"
32,"Australia","LOST","BAT","25-30",4.8000,0.0000,0,2,0,0.0000,0.4000,0.0000,"WON"
32,"Australia","LOST","BAT","30-35",4.2000,0.0000,0,1,1,0.0000,0.2000,0.5000,"WON"
32,"Australia","LOST","BAT","35-40",6.4000,0.0000,1,4,2,0.5000,0.8000,1.0000,"WON"
32,"Australia","LOST","BAT","40-45",6.6000,0.0000,0,3,1,0.0000,0.6000,0.5000,"WON"
32,"Australia","LOST","BAT","45-50",7.4000,0.0000,0,5,2,0.0000,1.0000,1.0000,"WON"
33,"New Zealand","WON","BAT","0-5",4.4000,0.0000,0,4,1,0.0000,1.0000,0.5000,"LOST"
33,"New Zealand","WON","BAT","5-10",4.4000,0.0000,0,2,2,0.0000,0.5000,1.0000,"LOST"
33,"New Zealand","WON","BAT","10-15",0.8000,0.0000,0,0,1,0.0000,0.0000,0.5000,"LOST"
33,"New Zealand","WON","BAT","15-20",3.2000,0.0000,0,0,0,0.0000,0.0000,0.0000,"LOST"
33,"New Zealand","WON","BAT","20-25",3.0000,0.0000,0,1,0,0.0000,0.2500,0.0000,"LOST"
33,"New Zealand","WON","BAT","25-30",3.0000,0.0000,0,1,1,0.0000,0.2500,0.5000,"LOST"
33,"New Zealand","WON","BAT","30-35",7.6000,0.0000,2,2,0,1.0000,0.5000,0.0000,"LOST"
33,"New Zealand","WON","BAT","35-40",4.0000,0.0000,0,2,0,0.0000,0.5000,0.0000,"LOST"
33,"New Zealand","WON","BAT","40-45",6.4000,0.0000,0,3,0,0.0000,0.7500,0.0000,"LOST"
33,"New Zealand","WON","BAT","45-50",10.6000,0.0000,2,3,1,1.0000,0.7500,0.5000,"LOST"
33,"Pakistan","LOST","BOWL","0-5",4.8000,4.7300,0,5,1,0.0000,1.0000,1.0000,"WON"
33,"Pakistan","LOST","BOWL","5-10",3.8000,4.8000,0,2,0,0.0000,0.4000,0.0000,"WON"
33,"Pakistan","LOST","BOWL","10-15",4.2000,5.0500,0,3,1,0.0000,0.6000,1.0000,"WON"
33,"Pakistan","LOST","BOWL","15-20",4.4000,4.9300,0,3,0,0.0000,0.6000,0.0000,"WON"
33,"Pakistan","LOST","BOWL","20-25",4.8000,5.1200,0,2,1,0.0000,0.4000,1.0000,"WON"
33,"Pakistan","LOST","BOWL","25-30",3.6000,5.5000,1,1,0,1.0000,0.2000,0.0000,"WON"
33,"Pakistan","LOST","BOWL","30-35",3.4000,5.8200,0,0,0,0.0000,0.0000,0.0000,"WON"
33,"Pakistan","LOST","BOWL","35-40",7.6000,5.5000,1,4,0,1.0000,0.8000,0.0000,"WON"
33,"Pakistan","LOST","BOWL","40-45",6.4000,4.8500,0,4,0,0.0000,0.8000,0.0000,"WON"
33,"Pakistan","LOST","BOWL","45-50",5.2000,2.0000,0,3,1,0.0000,0.6000,1.0000,"WON"
34,"India","WON","BAT","0-5",3.4000,0.0000,0,1,0,0.0000,0.2500,0.0000,"WON"
34,"India","WON","BAT","5-10",6.0000,0.0000,1,2,1,0.5000,0.5000,0.5000,"WON"
34,"India","WON","BAT","10-15",4.0000,0.0000,0,3,0,0.0000,0.7500,0.0000,"WON"
34,"India","WON","BAT","15-20",6.0000,0.0000,0,4,0,0.0000,1.0000,0.0000,"WON"
34,"India","WON","BAT","20-25",4.2000,0.0000,0,4,1,0.0000,1.0000,0.5000,"WON"
34,"India","WON","BAT","25-30",6.0000,0.0000,0,4,2,0.0000,1.0000,1.0000,"WON"
34,"India","WON","BAT","30-35",3.6000,0.0000,0,1,0,0.0000,0.2500,0.0000,"WON"
34,"India","WON","BAT","35-40",4.0000,0.0000,0,2,1,0.0000,0.5000,0.5000,"WON"
34,"India","WON","BAT","40-45",6.6000,0.0000,0,2,0,0.0000,0.5000,0.0000,"WON"
34,"India","WON","BAT","45-50",9.8000,0.0000,2,4,2,1.0000,1.0000,1.0000,"WON"
34,"West Indies","LOST","BOWL","0-5",2.0000,5.5700,0,1,1,0.0000,0.2500,0.2500,"LOST"
34,"West Indies","LOST","BOWL","5-10",3.8000,5.9000,0,1,1,0.0000,0.2500,0.2500,"LOST"
34,"West Indies","LOST","BOWL","10-15",4.2000,6.1300,0,0,0,0.0000,0.0000,0.0000,"LOST"
34,"West Indies","LOST","BOWL","15-20",6.0000,6.2600,0,4,1,0.0000,1.0000,0.2500,"LOST"
34,"West Indies","LOST","BOWL","20-25",4.2000,6.3700,0,0,2,0.0000,0.0000,0.5000,"LOST"
34,"West Indies","LOST","BOWL","25-30",4.6000,7.1300,1,2,4,1.0000,0.5000,1.0000,"LOST"
34,"West Indies","LOST","BOWL","30-35",3.8000,7.8700,0,4,1,0.0000,1.0000,0.2500,"LOST"
34,"West Indies","LOST","BOWL","35-40",NULL,NULL,NULL,NULL,NULL,NULL,NULL,NULL,"LOST"
34,"West Indies","LOST","BOWL","40-45",NULL,NULL,NULL,NULL,NULL,NULL,NULL,NULL,"LOST"
34,"West Indies","LOST","BOWL","45-50",NULL,NULL,NULL,NULL,NULL,NULL,NULL,NULL,"LOST"
35,"South Africa","WON","BOWL","0-5",6.2000,3.9100,0,6,1,0.0000,1.0000,1.0000,"WON"
35,"South Africa","WON","BOWL","5-10",4.4000,3.9000,0,2,0,0.0000,0.3333,0.0000,"WON"
35,"South Africa","WON","BOWL","10-15",5.2000,3.6600,0,2,0,0.0000,0.3333,0.0000,"WON"
35,"South Africa","WON","BOWL","15-20",6.4000,3.3100,0,1,0,0.0000,0.1667,0.0000,"WON"
35,"South Africa","WON","BOWL","20-25",3.8000,3.0000,0,1,0,0.0000,0.1667,0.0000,"WON"
35,"South Africa","WON","BOWL","25-30",5.8000,2.5000,1,1,0,1.0000,0.1667,0.0000,"WON"
35,"South Africa","WON","BOWL","30-35",6.4000,1.5200,0,3,0,0.0000,0.5000,0.0000,"WON"
35,"South Africa","WON","BOWL","35-40",5.0000,0.2300,0,2,0,0.0000,0.3333,0.0000,"WON"
35,"South Africa","WON","BOWL","40-45",NULL,NULL,NULL,NULL,NULL,NULL,NULL,NULL,"WON"
35,"South Africa","WON","BOWL","45-50",NULL,NULL,NULL,NULL,NULL,NULL,NULL,NULL,"WON"
35,"Sri Lanka","LOST","BAT","0-5",7.2000,0.0000,0,4,1,0.0000,1.0000,0.3333,"LOST"
35,"Sri Lanka","LOST","BAT","5-10",6.2000,0.0000,0,4,1,0.0000,1.0000,0.3333,"LOST"
35,"Sri Lanka","LOST","BAT","10-15",3.0000,0.0000,0,1,1,0.0000,0.2500,0.3333,"LOST"
35,"Sri Lanka","LOST","BAT","15-20",1.8000,0.0000,0,0,0,0.0000,0.0000,0.0000,"LOST"
35,"Sri Lanka","LOST","BAT","20-25",3.0000,0.0000,0,2,1,0.0000,0.5000,0.3333,"LOST"
35,"Sri Lanka","LOST","BAT","25-30",1.8000,0.0000,0,0,1,0.0000,0.0000,0.3333,"LOST"
35,"Sri Lanka","LOST","BAT","30-35",4.0000,0.0000,0,2,0,0.0000,0.5000,0.0000,"LOST"
35,"Sri Lanka","LOST","BAT","35-40",5.6000,0.0000,1,1,2,1.0000,0.2500,0.6667,"LOST"
35,"Sri Lanka","LOST","BAT","40-45",3.8000,0.0000,0,0,0,0.0000,0.0000,0.0000,"LOST"
35,"Sri Lanka","LOST","BAT","45-50",4.2000,0.0000,0,2,3,0.0000,0.5000,1.0000,"LOST"
36,"Afghanistan","WON","BAT","0-5",6.2000,0.0000,0,5,2,0.0000,1.0000,1.0000,"LOST"
36,"Afghanistan","WON","BAT","5-10",3.0000,0.0000,0,2,0,0.0000,0.4000,0.0000,"LOST"
36,"Afghanistan","WON","BAT","10-15",6.2000,0.0000,1,2,1,1.0000,0.4000,0.5000,"LOST"
36,"Afghanistan","WON","BAT","15-20",5.4000,0.0000,1,3,0,1.0000,0.6000,0.0000,"LOST"
36,"Afghanistan","WON","BAT","20-25",3.2000,0.0000,0,0,0,0.0000,0.0000,0.0000,"LOST"
36,"Afghanistan","WON","BAT","25-30",2.8000,0.0000,0,0,2,0.0000,0.0000,1.0000,"LOST"
36,"Afghanistan","WON","BAT","30-35",5.0000,0.0000,0,2,0,0.0000,0.4000,0.0000,"LOST"
36,"Afghanistan","WON","BAT","35-40",5.0000,0.0000,0,3,1,0.0000,0.6000,0.5000,"LOST"
36,"Afghanistan","WON","BAT","40-45",3.8000,0.0000,0,1,1,0.0000,0.2000,0.5000,"LOST"
36,"Afghanistan","WON","BAT","45-50",4.8000,0.0000,0,3,2,0.0000,0.6000,1.0000,"LOST"
36,"Pakistan","LOST","BOWL","0-5",6.0000,4.4800,0,5,1,0.0000,0.8333,0.5000,"WON"
36,"Pakistan","LOST","BOWL","5-10",3.8000,4.4600,0,2,0,0.0000,0.3333,0.0000,"WON"
36,"Pakistan","LOST","BOWL","10-15",4.4000,4.5400,0,1,0,0.0000,0.1667,0.0000,"WON"
36,"Pakistan","LOST","BOWL","15-20",3.2000,4.5800,0,1,2,0.0000,0.1667,1.0000,"WON"
36,"Pakistan","LOST","BOWL","20-25",3.2000,4.9600,0,1,0,0.0000,0.1667,0.0000,"WON"
36,"Pakistan","LOST","BOWL","25-30",4.2000,5.0000,0,2,1,0.0000,0.3333,0.5000,"WON"
36,"Pakistan","LOST","BOWL","30-35",3.6000,5.4700,0,0,1,0.0000,0.0000,0.5000,"WON"
36,"Pakistan","LOST","BOWL","35-40",3.0000,6.3000,0,1,1,0.0000,0.1667,0.5000,"WON"
36,"Pakistan","LOST","BOWL","40-45",5.0000,7.7100,0,1,0,0.0000,0.1667,0.0000,"WON"
36,"Pakistan","LOST","BOWL","45-50",9.6000,6.0000,1,6,1,1.0000,1.0000,0.5000,"WON"
37,"Australia","WON","BAT","0-5",3.2000,0.0000,0,2,1,NULL,0.5000,0.3333,"WON"
37,"Australia","WON","BAT","5-10",4.8000,0.0000,0,3,1,NULL,0.7500,0.3333,"WON"
37,"Australia","WON","BAT","10-15",5.4000,0.0000,0,3,1,NULL,0.7500,0.3333,"WON"
37,"Australia","WON","BAT","15-20",2.8000,0.0000,0,0,1,NULL,0.0000,0.3333,"WON"
37,"Australia","WON","BAT","20-25",6.2000,0.0000,0,3,1,NULL,0.7500,0.3333,"WON"
37,"Australia","WON","BAT","25-30",4.8000,0.0000,0,4,0,NULL,1.0000,0.0000,"WON"
37,"Australia","WON","BAT","30-35",4.8000,0.0000,0,1,0,NULL,0.2500,0.0000,"WON"
37,"Australia","WON","BAT","35-40",5.6000,0.0000,0,4,0,NULL,1.0000,0.0000,"WON"
37,"Australia","WON","BAT","40-45",4.2000,0.0000,0,1,1,NULL,0.2500,0.3333,"WON"
37,"Australia","WON","BAT","45-50",6.8000,0.0000,0,3,3,NULL,0.7500,1.0000,"WON"
37,"New Zealand","LOST","BOWL","0-5",3.6000,5.0000,0,2,0,0.0000,1.0000,0.0000,"LOST"
37,"New Zealand","LOST","BOWL","5-10",2.6000,5.1100,0,2,1,0.0000,1.0000,0.3333,"LOST"
37,"New Zealand","LOST","BOWL","10-15",3.0000,5.4500,0,1,1,0.0000,0.5000,0.3333,"LOST"
37,"New Zealand","LOST","BOWL","15-20",3.0000,5.9600,0,0,0,0.0000,0.0000,0.0000,"LOST"
37,"New Zealand","LOST","BOWL","20-25",6.2000,6.1000,1,2,0,1.0000,1.0000,0.0000,"LOST"
37,"New Zealand","LOST","BOWL","25-30",3.2000,6.3600,0,0,1,0.0000,0.0000,0.3333,"LOST"
37,"New Zealand","LOST","BOWL","30-35",3.2000,7.2900,0,1,2,0.0000,0.5000,0.6667,"LOST"
37,"New Zealand","LOST","BOWL","35-40",3.4000,9.4100,0,1,3,0.0000,0.5000,1.0000,"LOST"
37,"New Zealand","LOST","BOWL","40-45",4.0000,12.4600,1,0,2,1.0000,0.0000,0.6667,"LOST"
37,"New Zealand","LOST","BOWL","45-50",NULL,NULL,NULL,NULL,NULL,NULL,NULL,NULL,"LOST"
38,"England","WON","BAT","0-5",5.6000,0.0000,0,5,0,0.0000,0.8333,0.0000,"WON"
38,"England","WON","BAT","5-10",3.8000,0.0000,0,3,0,0.0000,0.5000,0.0000,"WON"
38,"England","WON","BAT","10-15",10.0000,0.0000,2,6,0,0.4000,1.0000,0.0000,"WON"
38,"England","WON","BAT","15-20",9.6000,0.0000,5,0,0,1.0000,0.0000,0.0000,"WON"
38,"England","WON","BAT","20-25",7.0000,0.0000,1,2,1,0.2000,0.3333,0.3333,"WON"
38,"England","WON","BAT","25-30",4.4000,0.0000,0,2,0,0.0000,0.3333,0.0000,"WON"
38,"England","WON","BAT","30-35",1.8000,0.0000,0,0,2,0.0000,0.0000,0.6667,"WON"
38,"England","WON","BAT","35-40",6.8000,0.0000,1,2,0,0.2000,0.3333,0.0000,"WON"
38,"England","WON","BAT","40-45",8.8000,0.0000,2,2,1,0.4000,0.3333,0.3333,"WON"
38,"England","WON","BAT","45-50",9.6000,0.0000,2,5,3,0.4000,0.8333,1.0000,"WON"
38,"India","LOST","BOWL","0-5",1.8000,7.0200,0,2,1,0.0000,0.3333,0.5000,"LOST"
38,"India","LOST","BOWL","5-10",3.8000,7.5200,0,3,0,0.0000,0.5000,0.0000,"LOST"
38,"India","LOST","BOWL","10-15",5.0000,7.9700,0,3,0,0.0000,0.5000,0.0000,"LOST"
38,"India","LOST","BOWL","15-20",6.0000,8.3400,0,3,0,0.0000,0.5000,0.0000,"LOST"
38,"India","LOST","BOWL","20-25",7.4000,8.5500,0,5,0,0.0000,0.8333,0.0000,"LOST"
38,"India","LOST","BOWL","25-30",6.4000,8.8100,0,4,1,0.0000,0.6667,0.5000,"LOST"
38,"India","LOST","BOWL","30-35",7.2000,9.6300,0,3,0,0.0000,0.5000,0.0000,"LOST"
38,"India","LOST","BOWL","35-40",9.2000,10.3000,0,6,2,0.0000,1.0000,1.0000,"LOST"
38,"India","LOST","BOWL","40-45",6.6000,11.8500,0,3,1,0.0000,0.5000,0.5000,"LOST"
38,"India","LOST","BOWL","45-50",7.8000,19.0000,1,3,0,1.0000,0.5000,0.0000,"LOST"
39,"Sri Lanka","LOST","BAT","0-5",5.6000,0.0000,0,5,0,0.0000,1.0000,0.0000,"WON"
39,"Sri Lanka","LOST","BAT","5-10",4.2000,0.0000,0,3,0,0.0000,0.6000,0.0000,"WON"
39,"Sri Lanka","LOST","BAT","10-15",8.4000,0.0000,0,4,0,0.0000,0.8000,0.0000,"WON"
39,"Sri Lanka","LOST","BAT","15-20",4.4000,0.0000,0,0,2,0.0000,0.0000,1.0000,"WON"
39,"Sri Lanka","LOST","BAT","20-25",6.6000,0.0000,1,3,0,1.0000,0.6000,0.0000,"WON"
39,"Sri Lanka","LOST","BAT","25-30",5.4000,0.0000,0,2,0,0.0000,0.4000,0.0000,"WON"
39,"Sri Lanka","LOST","BAT","30-35",7.2000,0.0000,0,5,1,0.0000,1.0000,0.5000,"WON"
39,"Sri Lanka","LOST","BAT","35-40",8.8000,0.0000,1,4,1,1.0000,0.8000,0.5000,"WON"
39,"Sri Lanka","LOST","BAT","40-45",8.2000,0.0000,1,2,0,1.0000,0.4000,0.0000,"WON"
39,"Sri Lanka","LOST","BAT","45-50",8.8000,0.0000,0,4,2,0.0000,0.8000,1.0000,"WON"
39,"West Indies","WON","BOWL","0-5",4.4000,6.8500,0,2,2,0.0000,0.4000,1.0000,"LOST"
39,"West Indies","WON","BOWL","5-10",3.0000,7.3000,0,0,0,0.0000,0.0000,0.0000,"LOST"
39,"West Indies","WON","BOWL","10-15",5.6000,7.6900,1,2,0,0.3333,0.4000,0.0000,"LOST"
39,"West Indies","WON","BOWL","15-20",5.8000,7.9600,1,2,2,0.3333,0.4000,1.0000,"LOST"
39,"West Indies","WON","BOWL","20-25",6.4000,8.2500,0,3,0,0.0000,0.6000,0.0000,"LOST"
39,"West Indies","WON","BOWL","25-30",6.6000,8.9000,0,5,1,0.0000,1.0000,0.5000,"LOST"
39,"West Indies","WON","BOWL","30-35",8.2000,9.2600,2,3,1,0.6667,0.6000,0.5000,"LOST"
39,"West Indies","WON","BOWL","35-40",8.8000,9.5000,0,5,0,0.0000,1.0000,0.0000,"LOST"
39,"West Indies","WON","BOWL","40-45",9.6000,9.5000,3,4,1,1.0000,0.8000,0.5000,"LOST"
39,"West Indies","WON","BOWL","45-50",4.6000,10.3300,0,2,2,0.0000,0.4000,1.0000,"LOST"
40,"Bangladesh","LOST","BOWL","0-5",3.6000,6.4000,0,3,0,0.0000,0.3750,0.0000,"LOST"
40,"Bangladesh","LOST","BOWL","5-10",4.4000,6.6900,0,1,1,0.0000,0.1250,0.5000,"LOST"
40,"Bangladesh","LOST","BOWL","10-15",6.6000,6.8900,0,5,0,0.0000,0.6250,0.0000,"LOST"
40,"Bangladesh","LOST","BOWL","15-20",6.2000,7.0500,0,3,1,0.0000,0.3750,0.5000,"LOST"
40,"Bangladesh","LOST","BOWL","20-25",4.6000,7.1800,0,2,1,0.0000,0.2500,0.5000,"LOST"
40,"Bangladesh","LOST","BOWL","25-30",7.2000,7.6000,1,1,1,1.0000,0.1250,0.5000,"LOST"
40,"Bangladesh","LOST","BOWL","30-35",3.8000,8.1100,0,2,2,0.0000,0.2500,1.0000,"LOST"
40,"Bangladesh","LOST","BOWL","35-40",8.6000,8.9200,0,8,0,0.0000,1.0000,0.0000,"LOST"
40,"Bangladesh","LOST","BOWL","40-45",7.8000,10.0000,1,3,2,1.0000,0.3750,1.0000,"LOST"
40,"Bangladesh","LOST","BOWL","45-50",7.3333,12.0000,0,3,2,0.0000,0.3750,1.0000,"LOST"
40,"India","WON","BAT","0-5",4.2000,0.0000,1,1,0,0.5000,0.1429,0.0000,"WON"
40,"India","WON","BAT","5-10",9.6000,0.0000,1,7,0,0.5000,1.0000,0.0000,"WON"
40,"India","WON","BAT","10-15",3.6000,0.0000,1,0,0,0.5000,0.0000,0.0000,"WON"
40,"India","WON","BAT","15-20",7.0000,0.0000,1,2,0,0.5000,0.2857,0.0000,"WON"
40,"India","WON","BAT","20-25",8.0000,0.0000,2,2,0,1.0000,0.2857,0.0000,"WON"
40,"India","WON","BAT","25-30",3.8000,0.0000,0,1,1,0.0000,0.1429,0.2500,"WON"
40,"India","WON","BAT","30-35",6.0000,0.0000,1,2,1,0.5000,0.2857,0.2500,"WON"
40,"India","WON","BAT","35-40",8.0000,0.0000,0,6,2,0.0000,0.8571,0.5000,"WON"
40,"India","WON","BAT","40-45",5.6000,0.0000,0,2,1,0.0000,0.2857,0.2500,"WON"
40,"India","WON","BAT","45-50",7.0000,0.0000,0,4,4,0.0000,0.5714,1.0000,"WON"
41,"England","WON","BAT","0-5",8.8000,0.0000,0,7,0,0.0000,1.0000,0.0000,"WON"
41,"England","WON","BAT","5-10",4.6000,0.0000,0,3,0,0.0000,0.4286,0.0000,"WON"
41,"England","WON","BAT","10-15",7.4000,0.0000,0,5,0,0.0000,0.7143,0.0000,"WON"
41,"England","WON","BAT","15-20",5.8000,0.0000,0,3,1,0.0000,0.4286,0.3333,"WON"
41,"England","WON","BAT","20-25",5.6000,0.0000,0,3,0,0.0000,0.4286,0.0000,"WON"
41,"England","WON","BAT","25-30",6.6000,0.0000,1,2,0,1.0000,0.2857,0.0000,"WON"
41,"England","WON","BAT","30-35",4.8000,0.0000,0,2,3,0.0000,0.2857,1.0000,"WON"
41,"England","WON","BAT","35-40",4.6000,0.0000,0,3,0,0.0000,0.4286,0.0000,"WON"
41,"England","WON","BAT","40-45",3.6000,0.0000,0,0,2,0.0000,0.0000,0.6667,"WON"
41,"England","WON","BAT","45-50",9.2000,0.0000,0,4,2,0.0000,0.5714,0.6667,"WON"
41,"New Zealand","LOST","BOWL","0-5",2.6000,6.3600,0,1,1,NULL,0.3333,0.5000,"LOST"
41,"New Zealand","LOST","BOWL","5-10",4.8000,6.7200,0,3,1,NULL,1.0000,0.5000,"LOST"
41,"New Zealand","LOST","BOWL","10-15",4.8000,6.8900,0,1,0,NULL,0.3333,0.0000,"LOST"
41,"New Zealand","LOST","BOWL","15-20",5.2000,7.1600,0,2,2,NULL,0.6667,1.0000,"LOST"
41,"New Zealand","LOST","BOWL","20-25",7.2000,7.3200,0,3,0,NULL,1.0000,0.0000,"LOST"
41,"New Zealand","LOST","BOWL","25-30",1.8000,8.0900,0,0,2,NULL,0.0000,1.0000,"LOST"
41,"New Zealand","LOST","BOWL","30-35",3.0000,9.8200,0,1,0,NULL,0.3333,0.0000,"LOST"
41,"New Zealand","LOST","BOWL","35-40",4.8000,11.8300,0,2,2,NULL,0.6667,1.0000,"LOST"
41,"New Zealand","LOST","BOWL","40-45",3.0000,18.0000,0,1,2,NULL,0.3333,1.0000,"LOST"
41,"New Zealand","LOST","BOWL","45-50",NULL,NULL,NULL,NULL,NULL,NULL,NULL,NULL,"LOST"
42,"Afghanistan","LOST","BOWL","0-5",3.2000,6.4000,0,2,1,0.0000,0.4000,0.3333,"LOST"
42,"Afghanistan","LOST","BOWL","5-10",5.6000,6.6500,0,4,0,0.0000,0.8000,0.0000,"LOST"
42,"Afghanistan","LOST","BOWL","10-15",5.2000,6.7800,0,3,0,0.0000,0.6000,0.0000,"LOST"
42,"Afghanistan","LOST","BOWL","15-20",6.2000,7.0000,0,4,0,0.0000,0.8000,0.0000,"LOST"
42,"Afghanistan","LOST","BOWL","20-25",6.2000,7.0300,0,5,0,0.0000,1.0000,0.0000,"LOST"
42,"Afghanistan","LOST","BOWL","25-30",4.6000,7.5200,0,1,1,0.0000,0.2000,0.3333,"LOST"
42,"Afghanistan","LOST","BOWL","30-35",6.4000,8.0500,1,1,0,0.5000,0.2000,0.0000,"LOST"
42,"Afghanistan","LOST","BOWL","35-40",6.6000,8.8100,1,2,3,0.5000,0.4000,1.0000,"LOST"
42,"Afghanistan","LOST","BOWL","40-45",7.0000,10.3700,1,2,3,0.5000,0.4000,1.0000,"LOST"
42,"Afghanistan","LOST","BOWL","45-50",6.6000,14.6600,2,3,2,1.0000,0.6000,0.6667,"LOST"
42,"West Indies","WON","BAT","0-5",4.0000,0.0000,0,4,0,0.0000,1.0000,0.0000,"WON"
42,"West Indies","WON","BAT","5-10",4.6000,0.0000,1,2,1,0.2500,0.5000,0.5000,"WON"
42,"West Indies","WON","BAT","10-15",6.0000,0.0000,2,1,0,0.5000,0.2500,0.0000,"WON"
42,"West Indies","WON","BAT","15-20",2.6000,0.0000,0,0,0,0.0000,0.0000,0.0000,"WON"
42,"West Indies","WON","BAT","20-25",4.6000,0.0000,0,3,1,0.0000,0.7500,0.5000,"WON"
42,"West Indies","WON","BAT","25-30",7.6000,0.0000,2,4,0,0.5000,1.0000,0.0000,"WON"
42,"West Indies","WON","BAT","30-35",6.2000,0.0000,1,1,1,0.2500,0.2500,0.5000,"WON"
42,"West Indies","WON","BAT","35-40",4.4000,0.0000,0,2,1,0.0000,0.5000,0.5000,"WON"
42,"West Indies","WON","BAT","40-45",9.2000,0.0000,2,4,0,0.5000,1.0000,0.0000,"WON"
42,"West Indies","WON","BAT","45-50",13.0000,0.0000,4,4,2,1.0000,1.0000,1.0000,"WON"
43,"Bangladesh","LOST","BOWL","0-5",4.4000,6.4400,0,3,0,0.0000,0.7500,0.0000,"LOST"
43,"Bangladesh","LOST","BOWL","5-10",5.0000,6.6100,0,3,1,0.0000,0.7500,0.2500,"LOST"
43,"Bangladesh","LOST","BOWL","10-15",5.2000,6.9100,0,3,1,0.0000,0.7500,0.2500,"LOST"
43,"Bangladesh","LOST","BOWL","15-20",2.6000,7.4000,0,0,1,0.0000,0.0000,0.2500,"LOST"
43,"Bangladesh","LOST","BOWL","20-25",5.8000,7.8100,0,3,0,0.0000,0.7500,0.0000,"LOST"
43,"Bangladesh","LOST","BOWL","25-30",5.8000,8.3000,0,4,1,0.0000,1.0000,0.2500,"LOST"
43,"Bangladesh","LOST","BOWL","30-35",4.8000,9.1100,0,0,1,0.0000,0.0000,0.2500,"LOST"
43,"Bangladesh","LOST","BOWL","35-40",5.8000,11.0800,0,3,1,0.0000,0.7500,0.2500,"LOST"
43,"Bangladesh","LOST","BOWL","40-45",4.8000,14.5700,2,1,4,1.0000,0.2500,1.0000,"LOST"
43,"Bangladesh","LOST","BOWL","45-50",NULL,NULL,NULL,NULL,NULL,NULL,NULL,NULL,"LOST"
43,"Pakistan","WON","BAT","0-5",3.4000,0.0000,0,2,0,0.0000,0.2857,0.0000,"WON"
43,"Pakistan","WON","BAT","5-10",4.2000,0.0000,0,3,1,0.0000,0.4286,0.2500,"WON"
43,"Pakistan","WON","BAT","10-15",6.8000,0.0000,0,1,0,0.0000,0.1429,0.0000,"WON"
43,"Pakistan","WON","BAT","15-20",4.4000,0.0000,0,0,0,0.0000,0.0000,0.0000,"WON"
43,"Pakistan","WON","BAT","20-25",4.2000,0.0000,0,1,0,0.0000,0.1429,0.0000,"WON"
43,"Pakistan","WON","BAT","25-30",9.6000,0.0000,0,7,0,0.0000,1.0000,0.0000,"WON"
43,"Pakistan","WON","BAT","30-35",6.8000,0.0000,0,3,1,0.0000,0.4286,0.2500,"WON"
43,"Pakistan","WON","BAT","35-40",6.6000,0.0000,0,3,0,0.0000,0.4286,0.0000,"WON"
43,"Pakistan","WON","BAT","40-45",7.4000,0.0000,0,4,3,0.0000,0.5714,0.7500,"WON"
43,"Pakistan","WON","BAT","45-50",9.6000,0.0000,1,6,4,1.0000,0.8571,1.0000,"WON"
44,"India","LOST","BOWL","0-5",7.8000,5.1500,0,7,0,0.0000,1.0000,0.0000,"WON"
44,"India","LOST","BOWL","5-10",4.0000,5.0700,0,3,0,0.0000,0.4286,0.0000,"WON"
44,"India","LOST","BOWL","10-15",4.4000,5.1200,0,2,0,0.0000,0.2857,0.0000,"WON"
44,"India","LOST","BOWL","15-20",5.6000,5.2000,2,1,0,1.0000,0.1429,0.0000,"WON"
44,"India","LOST","BOWL","20-25",8.6000,4.7600,1,4,0,0.5000,0.5714,0.0000,"WON"
44,"India","LOST","BOWL","25-30",7.4000,3.9500,0,5,0,0.0000,0.7143,0.0000,"WON"
44,"India","LOST","BOWL","30-35",4.4000,3.6400,0,2,1,0.0000,0.2857,0.5000,"WON"
44,"India","LOST","BOWL","35-40",4.6000,3.3800,0,1,0,0.0000,0.1429,0.0000,"WON"
44,"India","LOST","BOWL","40-45",7.7500,0.8900,0,5,2,0.0000,0.7143,1.0000,"WON"
44,"India","LOST","BOWL","45-50",NULL,NULL,NULL,NULL,NULL,NULL,NULL,NULL,"WON"
44,"Sri Lanka","WON","BAT","0-5",5.6000,0.0000,0,5,1,0.0000,1.0000,0.5000,"LOST"
44,"Sri Lanka","WON","BAT","5-10",4.8000,0.0000,0,4,1,0.0000,0.8000,0.5000,"LOST"
44,"Sri Lanka","WON","BAT","10-15",2.0000,0.0000,0,0,2,0.0000,0.0000,1.0000,"LOST"
44,"Sri Lanka","WON","BAT","15-20",4.2000,0.0000,0,1,0,0.0000,0.2000,0.0000,"LOST"
44,"Sri Lanka","WON","BAT","20-25",3.8000,0.0000,0,1,0,0.0000,0.2000,0.0000,"LOST"
44,"Sri Lanka","WON","BAT","25-30",5.0000,0.0000,0,1,0,0.0000,0.2000,0.0000,"LOST"
44,"Sri Lanka","WON","BAT","30-35",6.4000,0.0000,0,4,0,0.0000,0.8000,0.0000,"LOST"
44,"Sri Lanka","WON","BAT","35-40",8.2000,0.0000,2,4,1,1.0000,0.8000,0.5000,"LOST"
44,"Sri Lanka","WON","BAT","40-45",6.6000,0.0000,0,2,0,0.0000,0.4000,0.0000,"LOST"
44,"Sri Lanka","WON","BAT","45-50",6.2000,0.0000,0,2,2,0.0000,0.4000,1.0000,"LOST"
45,"Australia","LOST","BOWL","0-5",4.0000,6.6800,0,2,1,0.0000,0.2857,0.2500,"LOST"
45,"Australia","LOST","BOWL","5-10",4.8000,6.8500,1,3,1,1.0000,0.4286,0.2500,"LOST"
45,"Australia","LOST","BOWL","10-15",5.6000,7.2300,0,5,0,0.0000,0.7143,0.0000,"LOST"
45,"Australia","LOST","BOWL","15-20",5.0000,7.3400,1,2,1,1.0000,0.2857,0.2500,"LOST"
45,"Australia","LOST","BOWL","20-25",5.6000,7.7700,0,4,1,0.0000,0.5714,0.2500,"LOST"
45,"Australia","LOST","BOWL","25-30",4.6000,8.6300,0,1,0,0.0000,0.1429,0.0000,"LOST"
45,"Australia","LOST","BOWL","30-35",8.6000,8.9300,0,7,0,0.0000,1.0000,0.0000,"LOST"
45,"Australia","LOST","BOWL","35-40",7.2000,9.0000,0,5,1,0.0000,0.7143,0.2500,"LOST"
45,"Australia","LOST","BOWL","40-45",9.4000,10.0000,1,5,1,1.0000,0.7143,0.2500,"LOST"
45,"Australia","LOST","BOWL","45-50",8.2000,12.5000,1,3,4,1.0000,0.4286,1.0000,"LOST"
45,"South Africa","WON","BAT","0-5",8.4000,0.0000,0,7,0,0.0000,1.0000,0.0000,"WON"
45,"South Africa","WON","BAT","5-10",6.2000,0.0000,1,4,0,0.5000,0.5714,0.0000,"WON"
45,"South Africa","WON","BAT","10-15",5.8000,0.0000,0,2,1,0.0000,0.2857,0.3333,"WON"
45,"South Africa","WON","BAT","15-20",4.0000,0.0000,0,2,1,0.0000,0.2857,0.3333,"WON"
45,"South Africa","WON","BAT","20-25",4.4000,0.0000,0,1,0,0.0000,0.1429,0.0000,"WON"
45,"South Africa","WON","BAT","25-30",5.2000,0.0000,0,2,0,0.0000,0.2857,0.0000,"WON"
45,"South Africa","WON","BAT","30-35",7.6000,0.0000,2,1,0,1.0000,0.1429,0.0000,"WON"
45,"South Africa","WON","BAT","35-40",7.4000,0.0000,2,2,0,1.0000,0.2857,0.0000,"WON"
45,"South Africa","WON","BAT","40-45",6.2000,0.0000,0,2,1,0.0000,0.2857,0.3333,"WON"
45,"South Africa","WON","BAT","45-50",9.8000,0.0000,2,3,3,1.0000,0.4286,1.0000,"WON"
46,"India","LOST","BOWL","0-5",1.2000,5.0000,0,0,3,0.0000,0.0000,0.7500,"LOST"
46,"India","LOST","BOWL","5-10",3.6000,5.3900,0,3,1,0.0000,1.0000,0.2500,"LOST"
46,"India","LOST","BOWL","10-15",3.8000,5.4800,0,3,0,0.0000,1.0000,0.0000,"LOST"
46,"India","LOST","BOWL","15-20",5.4000,5.6700,0,1,0,0.0000,0.3333,0.0000,"LOST"
46,"India","LOST","BOWL","20-25",1.4000,6.2500,0,0,1,0.0000,0.0000,0.2500,"LOST"
46,"India","LOST","BOWL","25-30",3.0000,7.1300,0,0,0,0.0000,0.0000,0.0000,"LOST"
46,"India","LOST","BOWL","30-35",5.4000,7.8800,1,1,1,0.5000,0.3333,0.2500,"LOST"
46,"India","LOST","BOWL","35-40",6.2000,9.0000,1,2,0,0.5000,0.6667,0.0000,"LOST"
46,"India","LOST","BOWL","40-45",7.6000,9.8500,2,1,0,1.0000,0.3333,0.0000,"LOST"
46,"India","LOST","BOWL","45-50",6.6000,12.3300,1,2,4,0.5000,0.6667,1.0000,"LOST"
46,"New Zealand","WON","BAT","0-5",1.4000,0.0000,0,0,1,0.0000,0.0000,0.3333,"WON"
46,"New Zealand","WON","BAT","5-10",4.0000,0.0000,0,2,0,0.0000,0.5000,0.0000,"WON"
46,"New Zealand","WON","BAT","10-15",5.6000,0.0000,0,3,0,0.0000,0.7500,0.0000,"WON"
46,"New Zealand","WON","BAT","15-20",3.6000,0.0000,0,0,1,0.0000,0.0000,0.3333,"WON"
46,"New Zealand","WON","BAT","20-25",2.0000,0.0000,0,0,0,0.0000,0.0000,0.0000,"WON"
46,"New Zealand","WON","BAT","25-30",6.0000,0.0000,0,3,0,0.0000,0.7500,0.0000,"WON"
46,"New Zealand","WON","BAT","30-35",4.0000,0.0000,0,2,0,0.0000,0.5000,0.0000,"WON"
46,"New Zealand","WON","BAT","35-40",4.4000,0.0000,0,0,1,0.0000,0.0000,0.3333,"WON"
46,"New Zealand","WON","BAT","40-45",9.4000,0.0000,1,4,2,1.0000,1.0000,0.6667,"WON"
46,"New Zealand","WON","BAT","45-50",7.4000,0.0000,0,1,3,0.0000,0.2500,1.0000,"WON"
47,"England","LOST","BOWL","0-5",3.8000,4.5400,0,3,0,0.0000,0.5000,0.0000,"WON"
47,"England","LOST","BOWL","5-10",6.2000,4.3800,1,3,0,0.3333,0.5000,0.0000,"WON"
47,"England","LOST","BOWL","10-15",9.0000,4.0000,1,6,0,0.3333,1.0000,0.0000,"WON"
47,"England","LOST","BOWL","15-20",10.4000,2.7500,3,6,2,1.0000,1.0000,1.0000,"WON"
47,"England","LOST","BOWL","20-25",4.8000,2.4400,0,3,0,0.0000,0.5000,0.0000,"WON"
47,"England","LOST","BOWL","25-30",7.8000,1.2800,0,6,0,0.0000,1.0000,0.0000,"WON"
47,"England","LOST","BOWL","30-35",5.3333,0.1100,0,3,0,0.0000,0.5000,0.0000,"WON"
47,"England","LOST","BOWL","35-40",NULL,NULL,NULL,NULL,NULL,NULL,NULL,NULL,"WON"
47,"England","LOST","BOWL","40-45",NULL,NULL,NULL,NULL,NULL,NULL,NULL,NULL,"WON"
47,"England","LOST","BOWL","45-50",NULL,NULL,NULL,NULL,NULL,NULL,NULL,NULL,"WON"
47,"Australia","WON","BAT","0-5",2.6000,0.0000,0,2,2,0.0000,0.5000,0.6667,"LOST"
47,"Australia","WON","BAT","5-10",2.8000,0.0000,0,1,1,0.0000,0.2500,0.3333,"LOST"
47,"Australia","WON","BAT","10-15",4.0000,0.0000,0,1,0,0.0000,0.2500,0.0000,"LOST"
47,"Australia","WON","BAT","15-20",6.2000,0.0000,0,4,0,0.0000,1.0000,0.0000,"LOST"
47,"Australia","WON","BAT","20-25",5.0000,0.0000,0,1,0,0.0000,0.2500,0.0000,"LOST"
47,"Australia","WON","BAT","25-30",5.4000,0.0000,0,2,2,0.0000,0.5000,0.6667,"LOST"
47,"Australia","WON","BAT","30-35",5.4000,0.0000,1,2,1,1.0000,0.5000,0.3333,"LOST"
47,"Australia","WON","BAT","35-40",3.6000,0.0000,0,0,1,0.0000,0.0000,0.3333,"LOST"
47,"Australia","WON","BAT","40-45",6.2000,0.0000,1,2,0,1.0000,0.5000,0.0000,"LOST"
47,"Australia","WON","BAT","45-50",4.2500,0.0000,0,0,3,0.0000,0.0000,1.0000,"LOST"
48,"England","LOST","BOWL","0-5",4.8000,4.9100,0,4,0,0.0000,1.0000,0.0000,"tied"
48,"England","LOST","BOWL","5-10",3.0000,4.9500,0,3,1,0.0000,0.7500,0.2000,"tied"
48,"England","LOST","BOWL","10-15",3.4000,5.3100,0,2,0,0.0000,0.5000,0.0000,"tied"
48,"England","LOST","BOWL","15-20",3.4000,5.5900,0,1,2,0.0000,0.2500,0.4000,"tied"
48,"England","LOST","BOWL","20-25",4.0000,5.7700,0,1,1,0.0000,0.2500,0.2000,"tied"
48,"England","LOST","BOWL","25-30",4.4000,6.2300,0,1,0,0.0000,0.2500,0.0000,"tied"
48,"England","LOST","BOWL","30-35",5.2000,6.5600,0,1,0,0.0000,0.2500,0.0000,"tied"
48,"England","LOST","BOWL","35-40",5.8000,7.1600,0,4,0,0.0000,1.0000,0.0000,"tied"
48,"England","LOST","BOWL","40-45",5.2000,8.4200,0,2,1,0.0000,0.5000,0.2000,"tied"
48,"England","LOST","BOWL","45-50",9.0000,11.3300,2,3,5,1.0000,0.7500,1.0000,"tied"
48,"New Zealand","WON","BAT","0-5",4.8000,0.0000,1,2,0,1.0000,0.6667,0.0000,"tied"
48,"New Zealand","WON","BAT","5-10",1.8000,0.0000,0,0,1,0.0000,0.0000,0.3333,"tied"
48,"New Zealand","WON","BAT","10-15",6.0000,0.0000,0,3,0,0.0000,1.0000,0.0000,"tied"
48,"New Zealand","WON","BAT","15-20",5.6000,0.0000,0,3,0,0.0000,1.0000,0.0000,"tied"
48,"New Zealand","WON","BAT","20-25",3.6000,0.0000,0,0,1,0.0000,0.0000,0.3333,"tied"
48,"New Zealand","WON","BAT","25-30",3.4000,0.0000,0,0,1,0.0000,0.0000,0.3333,"tied"
48,"New Zealand","WON","BAT","30-35",5.2000,0.0000,0,2,1,0.0000,0.6667,0.3333,"tied"
48,"New Zealand","WON","BAT","35-40",5.4000,0.0000,0,3,1,0.0000,1.0000,0.3333,"tied"
48,"New Zealand","WON","BAT","40-45",6.4000,0.0000,1,0,0,1.0000,0.0000,0.0000,"tied"
48,"New Zealand","WON","BAT","45-50",6.0000,0.0000,0,1,3,0.0000,0.3333,1.0000,"tied"
